[
{
    "model": "contenttypes.contenttype",
    "pk": 1,
    "fields": {
        "app_label": "admin",
        "model": "logentry"
    }
},
{
    "model": "contenttypes.contenttype",
    "pk": 2,
    "fields": {
        "app_label": "auth",
        "model": "permission"
    }
},
{
    "model": "contenttypes.contenttype",
    "pk": 3,
    "fields": {
        "app_label": "auth",
        "model": "group"
    }
},
{
    "model": "contenttypes.contenttype",
    "pk": 4,
    "fields": {
        "app_label": "auth",
        "model": "user"
    }
},
{
    "model": "contenttypes.contenttype",
    "pk": 5,
    "fields": {
        "app_label": "contenttypes",
        "model": "contenttype"
    }
},
{
    "model": "contenttypes.contenttype",
    "pk": 6,
    "fields": {
        "app_label": "sessions",
        "model": "session"
    }
},
{
    "model": "contenttypes.contenttype",
    "pk": 7,
    "fields": {
        "app_label": "abono",
        "model": "abono"
    }
},
{
    "model": "contenttypes.contenttype",
    "pk": 8,
    "fields": {
        "app_label": "accion",
        "model": "accion"
    }
},
{
    "model": "contenttypes.contenttype",
    "pk": 9,
    "fields": {
        "app_label": "accion",
        "model": "tipo"
    }
},
{
    "model": "contenttypes.contenttype",
    "pk": 10,
    "fields": {
        "app_label": "acta",
        "model": "acta"
    }
},
{
    "model": "contenttypes.contenttype",
    "pk": 11,
    "fields": {
        "app_label": "acta",
        "model": "canon"
    }
},
{
    "model": "contenttypes.contenttype",
    "pk": 12,
    "fields": {
        "app_label": "acta",
        "model": "veto"
    }
},
{
    "model": "contenttypes.contenttype",
    "pk": 13,
    "fields": {
        "app_label": "citacion",
        "model": "citacion"
    }
},
{
    "model": "contenttypes.contenttype",
    "pk": 14,
    "fields": {
        "app_label": "citacion",
        "model": "tipo"
    }
},
{
    "model": "contenttypes.contenttype",
    "pk": 15,
    "fields": {
        "app_label": "ciudad",
        "model": "ciudad"
    }
},
{
    "model": "contenttypes.contenttype",
    "pk": 16,
    "fields": {
        "app_label": "ciudad",
        "model": "departamento"
    }
},
{
    "model": "contenttypes.contenttype",
    "pk": 17,
    "fields": {
        "app_label": "colegiado",
        "model": "colegiado"
    }
},
{
    "model": "contenttypes.contenttype",
    "pk": 18,
    "fields": {
        "app_label": "costa",
        "model": "costa"
    }
},
{
    "model": "contenttypes.contenttype",
    "pk": 19,
    "fields": {
        "app_label": "declaracion",
        "model": "declaracion"
    }
},
{
    "model": "contenttypes.contenttype",
    "pk": 20,
    "fields": {
        "app_label": "declaracion",
        "model": "tipo"
    }
},
{
    "model": "contenttypes.contenttype",
    "pk": 21,
    "fields": {
        "app_label": "declaraciontestigo",
        "model": "declaraciontestigo"
    }
},
{
    "model": "contenttypes.contenttype",
    "pk": 22,
    "fields": {
        "app_label": "declaraciontestigo",
        "model": "tipo"
    }
},
{
    "model": "contenttypes.contenttype",
    "pk": 23,
    "fields": {
        "app_label": "decreto",
        "model": "decreto"
    }
},
{
    "model": "contenttypes.contenttype",
    "pk": 24,
    "fields": {
        "app_label": "decreto",
        "model": "tipo"
    }
},
{
    "model": "contenttypes.contenttype",
    "pk": 25,
    "fields": {
        "app_label": "file",
        "model": "file"
    }
},
{
    "model": "contenttypes.contenttype",
    "pk": 26,
    "fields": {
        "app_label": "home",
        "model": "entrada"
    }
},
{
    "model": "contenttypes.contenttype",
    "pk": 27,
    "fields": {
        "app_label": "persona",
        "model": "persona"
    }
},
{
    "model": "contenttypes.contenttype",
    "pk": 28,
    "fields": {
        "app_label": "proceso",
        "model": "diocesi"
    }
},
{
    "model": "contenttypes.contenttype",
    "pk": 29,
    "fields": {
        "app_label": "proceso",
        "model": "proceso"
    }
},
{
    "model": "contenttypes.contenttype",
    "pk": 30,
    "fields": {
        "app_label": "proceso",
        "model": "tipo"
    }
},
{
    "model": "contenttypes.contenttype",
    "pk": 31,
    "fields": {
        "app_label": "sentencia",
        "model": "sentencia"
    }
},
{
    "model": "contenttypes.contenttype",
    "pk": 32,
    "fields": {
        "app_label": "testigo",
        "model": "testigo"
    }
},
{
    "model": "sessions.session",
    "pk": "67nkveyidc9n9adfatdrx8818lc9xxxs",
    "fields": {
        "session_data": "MzZlZTkzZjI5NjAxMWNiMGYyYzIyNDRiYTg2MmZhZTYyZjI1OGFiYjp7Il9hdXRoX3VzZXJfaWQiOiIxIiwiX2F1dGhfdXNlcl9iYWNrZW5kIjoiZGphbmdvLmNvbnRyaWIuYXV0aC5iYWNrZW5kcy5Nb2RlbEJhY2tlbmQiLCJfYXV0aF91c2VyX2hhc2giOiI4ZmQ4NzdhMGExYWI2MWRhOWY1OTIxMzVhZjc2NDQ1MmMwNGY4ZDRkIn0=",
        "expire_date": "2020-07-31T20:51:58.849Z"
    }
},
{
    "model": "accion.tipo",
    "pk": 1,
    "fields": {
        "tipo": "ALEGATO PARTE ACTORA"
    }
},
{
    "model": "accion.tipo",
    "pk": 2,
    "fields": {
        "tipo": "ALEGATO PARTE CONVENTA"
    }
},
{
    "model": "accion.tipo",
    "pk": 3,
    "fields": {
        "tipo": "CONCEPTO DEL DEFENSOR DEL VINCULO"
    }
},
{
    "model": "accion.tipo",
    "pk": 4,
    "fields": {
        "tipo": "CONTESTACI\u00d3N DEMANDA"
    }
},
{
    "model": "accion.tipo",
    "pk": 5,
    "fields": {
        "tipo": "COSTAS JUDICIALES"
    }
},
{
    "model": "accion.tipo",
    "pk": 6,
    "fields": {
        "tipo": "ENTREGA DEFENSOR DEL V\u00cdNCULO"
    }
},
{
    "model": "accion.tipo",
    "pk": 7,
    "fields": {
        "tipo": "ENVI\u00d3 A JUECES PARA ESTUDIO"
    }
},
{
    "model": "accion.tipo",
    "pk": 8,
    "fields": {
        "tipo": "ENV\u00cdO A ROMA"
    }
},
{
    "model": "accion.tipo",
    "pk": 9,
    "fields": {
        "tipo": "PERITAZG\u00d3"
    }
},
{
    "model": "accion.tipo",
    "pk": 10,
    "fields": {
        "tipo": "PROCESOS SUSPENDIDOS O CADUCADOS"
    }
},
{
    "model": "accion.tipo",
    "pk": 11,
    "fields": {
        "tipo": "RADICACI\u00d3N"
    }
},
{
    "model": "accion.tipo",
    "pk": 12,
    "fields": {
        "tipo": "SEGUNDA INSTANCIA"
    }
},
{
    "model": "accion.tipo",
    "pk": 13,
    "fields": {
        "tipo": "SESI\u00d3N DE FALLO"
    }
},
{
    "model": "acta.canon",
    "pk": 1,
    "fields": {
        "idcanon": "1083"
    }
},
{
    "model": "acta.canon",
    "pk": 2,
    "fields": {
        "idcanon": "1084"
    }
},
{
    "model": "acta.canon",
    "pk": 3,
    "fields": {
        "idcanon": "1085"
    }
},
{
    "model": "acta.canon",
    "pk": 4,
    "fields": {
        "idcanon": "1086"
    }
},
{
    "model": "acta.canon",
    "pk": 5,
    "fields": {
        "idcanon": "1087"
    }
},
{
    "model": "acta.canon",
    "pk": 6,
    "fields": {
        "idcanon": "1088"
    }
},
{
    "model": "acta.canon",
    "pk": 7,
    "fields": {
        "idcanon": "1089"
    }
},
{
    "model": "acta.canon",
    "pk": 8,
    "fields": {
        "idcanon": "1090"
    }
},
{
    "model": "acta.canon",
    "pk": 9,
    "fields": {
        "idcanon": "1091"
    }
},
{
    "model": "acta.canon",
    "pk": 10,
    "fields": {
        "idcanon": "1092"
    }
},
{
    "model": "acta.canon",
    "pk": 11,
    "fields": {
        "idcanon": "1093"
    }
},
{
    "model": "acta.canon",
    "pk": 12,
    "fields": {
        "idcanon": "1094"
    }
},
{
    "model": "acta.canon",
    "pk": 13,
    "fields": {
        "idcanon": "1095.1"
    }
},
{
    "model": "acta.canon",
    "pk": 14,
    "fields": {
        "idcanon": "1095.2"
    }
},
{
    "model": "acta.canon",
    "pk": 15,
    "fields": {
        "idcanon": "1095.3"
    }
},
{
    "model": "acta.canon",
    "pk": 16,
    "fields": {
        "idcanon": "1096"
    }
},
{
    "model": "acta.canon",
    "pk": 17,
    "fields": {
        "idcanon": "1097 \u00a7 1"
    }
},
{
    "model": "acta.canon",
    "pk": 18,
    "fields": {
        "idcanon": "1097 \u00a7 2"
    }
},
{
    "model": "acta.canon",
    "pk": 19,
    "fields": {
        "idcanon": "1098"
    }
},
{
    "model": "acta.canon",
    "pk": 20,
    "fields": {
        "idcanon": "1099"
    }
},
{
    "model": "acta.canon",
    "pk": 21,
    "fields": {
        "idcanon": "1100"
    }
},
{
    "model": "acta.canon",
    "pk": 22,
    "fields": {
        "idcanon": "1101 \u00a7 1"
    }
},
{
    "model": "acta.canon",
    "pk": 23,
    "fields": {
        "idcanon": "1101 \u00a7 2"
    }
},
{
    "model": "acta.canon",
    "pk": 24,
    "fields": {
        "idcanon": "1102 \u00a7 1"
    }
},
{
    "model": "acta.canon",
    "pk": 25,
    "fields": {
        "idcanon": "1102 \u00a7 2"
    }
},
{
    "model": "acta.canon",
    "pk": 26,
    "fields": {
        "idcanon": "1102 \u00a7 3"
    }
},
{
    "model": "acta.canon",
    "pk": 27,
    "fields": {
        "idcanon": "1103"
    }
},
{
    "model": "acta.canon",
    "pk": 28,
    "fields": {
        "idcanon": "1104"
    }
},
{
    "model": "acta.canon",
    "pk": 29,
    "fields": {
        "idcanon": "1105"
    }
},
{
    "model": "acta.canon",
    "pk": 30,
    "fields": {
        "idcanon": "1106"
    }
},
{
    "model": "acta.canon",
    "pk": 31,
    "fields": {
        "idcanon": "1107"
    }
},
{
    "model": "acta.canon",
    "pk": 32,
    "fields": {
        "idcanon": "1108"
    }
},
{
    "model": "acta.veto",
    "pk": 1,
    "fields": {
        "nombre": "Veto Parte Actor"
    }
},
{
    "model": "acta.veto",
    "pk": 2,
    "fields": {
        "nombre": "Veto Parte Conventa"
    }
},
{
    "model": "citacion.tipo",
    "pk": 1,
    "fields": {
        "tipo": "NOTIFICACI\u00d3N DE ACEPTACI\u00d3N DE LA DEMANDA"
    }
},
{
    "model": "citacion.tipo",
    "pk": 2,
    "fields": {
        "tipo": "NOTIFICACI\u00d3N DE ACEPTACI\u00d3N DE TESTIGOS"
    }
},
{
    "model": "citacion.tipo",
    "pk": 3,
    "fields": {
        "tipo": "NOTIFICACI\u00d3N DE AUSENCIA"
    }
},
{
    "model": "citacion.tipo",
    "pk": 4,
    "fields": {
        "tipo": "NOTIFICACI\u00d3N DE CADUCIDAD Y ARCHIVO"
    }
},
{
    "model": "citacion.tipo",
    "pk": 5,
    "fields": {
        "tipo": "NOTIFICACI\u00d3N DE CAMBIO A PROCESO BREVE"
    }
},
{
    "model": "citacion.tipo",
    "pk": 6,
    "fields": {
        "tipo": "NOTIFICACI\u00d3N DE CAMBIO A PROCESO ORDINARIO"
    }
},
{
    "model": "citacion.tipo",
    "pk": 7,
    "fields": {
        "tipo": "NOTIFICACI\u00d3N DE CAMBIO A SUPE RATO"
    }
},
{
    "model": "citacion.tipo",
    "pk": 8,
    "fields": {
        "tipo": "NOTIFICACI\u00d3N DE CAMBIO DE DEFENSOR DEL VINCULO"
    }
},
{
    "model": "citacion.tipo",
    "pk": 9,
    "fields": {
        "tipo": "NOTIFICACI\u00d3N DE CAMBIO DE JUEZ"
    }
},
{
    "model": "citacion.tipo",
    "pk": 10,
    "fields": {
        "tipo": "NOTIFICACI\u00d3N DE CAMBIO DE TESTIGOS"
    }
},
{
    "model": "citacion.tipo",
    "pk": 11,
    "fields": {
        "tipo": "NOTIFICACI\u00d3N DE COLEGIADO"
    }
},
{
    "model": "citacion.tipo",
    "pk": 12,
    "fields": {
        "tipo": "NOTIFICACI\u00d3N DE COLEGIADO Y ACEPTACI\u00d3N DE LA DEMANDA"
    }
},
{
    "model": "citacion.tipo",
    "pk": 13,
    "fields": {
        "tipo": "NOTIFICACI\u00d3N DE CONCLUSI\u00d3N"
    }
},
{
    "model": "citacion.tipo",
    "pk": 14,
    "fields": {
        "tipo": "NOTIFICACI\u00d3N DE CONCORDANCIA DE LA DUDA"
    }
},
{
    "model": "citacion.tipo",
    "pk": 15,
    "fields": {
        "tipo": "NOTIFICACI\u00d3N DE COSTAS"
    }
},
{
    "model": "citacion.tipo",
    "pk": 16,
    "fields": {
        "tipo": "NOTIFICACI\u00d3N DE INSTRUCCI\u00d3N"
    }
},
{
    "model": "citacion.tipo",
    "pk": 17,
    "fields": {
        "tipo": "NOTIFICACI\u00d3N DE NO COMPARECENCIA"
    }
},
{
    "model": "citacion.tipo",
    "pk": 18,
    "fields": {
        "tipo": "NOTIFICACI\u00d3N DE NOMBRAMIENTO DE AUDITOR"
    }
},
{
    "model": "citacion.tipo",
    "pk": 19,
    "fields": {
        "tipo": "NOTIFICACI\u00d3N DE NOMBRAMIENTO DE JUEZ"
    }
},
{
    "model": "citacion.tipo",
    "pk": 20,
    "fields": {
        "tipo": "NOTIFICACI\u00d3N DE NOMBRAMIENTO DE PATRONO ESTABLE"
    }
},
{
    "model": "citacion.tipo",
    "pk": 21,
    "fields": {
        "tipo": "NOTIFICACI\u00d3N DE NOMBRAMIENTO DE PERITO PSIC\u00d3LOGO"
    }
},
{
    "model": "citacion.tipo",
    "pk": 22,
    "fields": {
        "tipo": "NOTIFICACI\u00d3N DE NOMBRAMIENTO DE PERITO PSIQUIATRA"
    }
},
{
    "model": "citacion.tipo",
    "pk": 23,
    "fields": {
        "tipo": "NOTIFICACI\u00d3N DE PUBLICACI\u00d3N DE LAS ACTAS"
    }
},
{
    "model": "citacion.tipo",
    "pk": 24,
    "fields": {
        "tipo": "NOTIFICACI\u00d3N DE QUERELLA DE NULIDAD"
    }
},
{
    "model": "citacion.tipo",
    "pk": 25,
    "fields": {
        "tipo": "NOTIFICACI\u00d3N DE REAPERTURA"
    }
},
{
    "model": "citacion.tipo",
    "pk": 26,
    "fields": {
        "tipo": "NOTIFICACI\u00d3N DE REAPERTURA Y NUEVO COLEGIADO"
    }
},
{
    "model": "citacion.tipo",
    "pk": 27,
    "fields": {
        "tipo": "NOTIFICACI\u00d3N DE RESERVA DE ALGUNAS ACTAS"
    }
},
{
    "model": "citacion.tipo",
    "pk": 28,
    "fields": {
        "tipo": "NOTIFICACI\u00d3N DE SENTENCIA DEFINITIVA"
    }
},
{
    "model": "citacion.tipo",
    "pk": 29,
    "fields": {
        "tipo": "NOTIFICACI\u00d3N DE SUSPENSI\u00d3N DE LA CAUSA POR MUERTE"
    }
},
{
    "model": "citacion.tipo",
    "pk": 30,
    "fields": {
        "tipo": "NOTIFICACI\u00d3N DE TESTIGO DE OFICIO"
    }
},
{
    "model": "citacion.tipo",
    "pk": 31,
    "fields": {
        "tipo": "NOTIFICACI\u00d3N DE TRAMITACI\u00d3N A SEGUNDA INSTANCIA"
    }
},
{
    "model": "ciudad.departamento",
    "pk": 1,
    "fields": {
        "departamento": "AMAZONAS"
    }
},
{
    "model": "ciudad.departamento",
    "pk": 2,
    "fields": {
        "departamento": "ANTIOQUIA"
    }
},
{
    "model": "ciudad.departamento",
    "pk": 3,
    "fields": {
        "departamento": "ARAUCA"
    }
},
{
    "model": "ciudad.departamento",
    "pk": 4,
    "fields": {
        "departamento": "ATLANTICO"
    }
},
{
    "model": "ciudad.departamento",
    "pk": 5,
    "fields": {
        "departamento": "BOGOTA"
    }
},
{
    "model": "ciudad.departamento",
    "pk": 6,
    "fields": {
        "departamento": "BOLIVAR"
    }
},
{
    "model": "ciudad.departamento",
    "pk": 7,
    "fields": {
        "departamento": "BOYACA"
    }
},
{
    "model": "ciudad.departamento",
    "pk": 8,
    "fields": {
        "departamento": "CALDAS"
    }
},
{
    "model": "ciudad.departamento",
    "pk": 9,
    "fields": {
        "departamento": "CAQUETA"
    }
},
{
    "model": "ciudad.departamento",
    "pk": 10,
    "fields": {
        "departamento": "CASANARE"
    }
},
{
    "model": "ciudad.departamento",
    "pk": 11,
    "fields": {
        "departamento": "CAUCA"
    }
},
{
    "model": "ciudad.departamento",
    "pk": 12,
    "fields": {
        "departamento": "CESAR"
    }
},
{
    "model": "ciudad.departamento",
    "pk": 13,
    "fields": {
        "departamento": "CHOCO"
    }
},
{
    "model": "ciudad.departamento",
    "pk": 14,
    "fields": {
        "departamento": "CORDOBA"
    }
},
{
    "model": "ciudad.departamento",
    "pk": 15,
    "fields": {
        "departamento": "CUNDINAMARCA"
    }
},
{
    "model": "ciudad.departamento",
    "pk": 16,
    "fields": {
        "departamento": "GUAINIA"
    }
},
{
    "model": "ciudad.departamento",
    "pk": 17,
    "fields": {
        "departamento": "GUAVIARE"
    }
},
{
    "model": "ciudad.departamento",
    "pk": 18,
    "fields": {
        "departamento": "HUILA"
    }
},
{
    "model": "ciudad.departamento",
    "pk": 19,
    "fields": {
        "departamento": "LA GUAJIRA"
    }
},
{
    "model": "ciudad.departamento",
    "pk": 20,
    "fields": {
        "departamento": "MAGDALENA"
    }
},
{
    "model": "ciudad.departamento",
    "pk": 21,
    "fields": {
        "departamento": "META"
    }
},
{
    "model": "ciudad.departamento",
    "pk": 22,
    "fields": {
        "departamento": "N. DE SANTANDER"
    }
},
{
    "model": "ciudad.departamento",
    "pk": 23,
    "fields": {
        "departamento": "NARI\u00d1O"
    }
},
{
    "model": "ciudad.departamento",
    "pk": 24,
    "fields": {
        "departamento": "PUTUMAYO"
    }
},
{
    "model": "ciudad.departamento",
    "pk": 25,
    "fields": {
        "departamento": "QUINDIO"
    }
},
{
    "model": "ciudad.departamento",
    "pk": 26,
    "fields": {
        "departamento": "RISARALDA"
    }
},
{
    "model": "ciudad.departamento",
    "pk": 27,
    "fields": {
        "departamento": "SAN ANDRES"
    }
},
{
    "model": "ciudad.departamento",
    "pk": 28,
    "fields": {
        "departamento": "SANTANDER"
    }
},
{
    "model": "ciudad.departamento",
    "pk": 29,
    "fields": {
        "departamento": "SUCRE"
    }
},
{
    "model": "ciudad.departamento",
    "pk": 30,
    "fields": {
        "departamento": "TOLIMA"
    }
},
{
    "model": "ciudad.departamento",
    "pk": 31,
    "fields": {
        "departamento": "VALLE DEL CAUCA"
    }
},
{
    "model": "ciudad.departamento",
    "pk": 32,
    "fields": {
        "departamento": "VAUPES"
    }
},
{
    "model": "ciudad.departamento",
    "pk": 33,
    "fields": {
        "departamento": "VICHADA"
    }
},
{
    "model": "ciudad.ciudad",
    "pk": 1,
    "fields": {
        "ciudad": "El Encanto",
        "departamento": 1
    }
},
{
    "model": "ciudad.ciudad",
    "pk": 2,
    "fields": {
        "ciudad": "La Chorrera",
        "departamento": 1
    }
},
{
    "model": "ciudad.ciudad",
    "pk": 3,
    "fields": {
        "ciudad": "La Pedrera",
        "departamento": 1
    }
},
{
    "model": "ciudad.ciudad",
    "pk": 4,
    "fields": {
        "ciudad": "La Victoria",
        "departamento": 1
    }
},
{
    "model": "ciudad.ciudad",
    "pk": 5,
    "fields": {
        "ciudad": "Leticia",
        "departamento": 1
    }
},
{
    "model": "ciudad.ciudad",
    "pk": 6,
    "fields": {
        "ciudad": "Miriti - Parana",
        "departamento": 1
    }
},
{
    "model": "ciudad.ciudad",
    "pk": 7,
    "fields": {
        "ciudad": "Puerto Alegria",
        "departamento": 1
    }
},
{
    "model": "ciudad.ciudad",
    "pk": 8,
    "fields": {
        "ciudad": "Puerto Arica",
        "departamento": 1
    }
},
{
    "model": "ciudad.ciudad",
    "pk": 9,
    "fields": {
        "ciudad": "Puerto Nari\u00f1o",
        "departamento": 1
    }
},
{
    "model": "ciudad.ciudad",
    "pk": 10,
    "fields": {
        "ciudad": "Puerto Santander",
        "departamento": 1
    }
},
{
    "model": "ciudad.ciudad",
    "pk": 11,
    "fields": {
        "ciudad": "Tarapaca",
        "departamento": 1
    }
},
{
    "model": "ciudad.ciudad",
    "pk": 12,
    "fields": {
        "ciudad": "Medellin",
        "departamento": 2
    }
},
{
    "model": "ciudad.ciudad",
    "pk": 13,
    "fields": {
        "ciudad": "Abejorral",
        "departamento": 2
    }
},
{
    "model": "ciudad.ciudad",
    "pk": 14,
    "fields": {
        "ciudad": "Abriaqui",
        "departamento": 2
    }
},
{
    "model": "ciudad.ciudad",
    "pk": 15,
    "fields": {
        "ciudad": "Alejandria",
        "departamento": 2
    }
},
{
    "model": "ciudad.ciudad",
    "pk": 16,
    "fields": {
        "ciudad": "Amaga",
        "departamento": 2
    }
},
{
    "model": "ciudad.ciudad",
    "pk": 17,
    "fields": {
        "ciudad": "Amalfi",
        "departamento": 2
    }
},
{
    "model": "ciudad.ciudad",
    "pk": 18,
    "fields": {
        "ciudad": "Andes",
        "departamento": 2
    }
},
{
    "model": "ciudad.ciudad",
    "pk": 19,
    "fields": {
        "ciudad": "Angelopolis",
        "departamento": 2
    }
},
{
    "model": "ciudad.ciudad",
    "pk": 20,
    "fields": {
        "ciudad": "Angostura",
        "departamento": 2
    }
},
{
    "model": "ciudad.ciudad",
    "pk": 21,
    "fields": {
        "ciudad": "Anori",
        "departamento": 2
    }
},
{
    "model": "ciudad.ciudad",
    "pk": 22,
    "fields": {
        "ciudad": "Santafe De Antioquia",
        "departamento": 2
    }
},
{
    "model": "ciudad.ciudad",
    "pk": 23,
    "fields": {
        "ciudad": "Anza",
        "departamento": 2
    }
},
{
    "model": "ciudad.ciudad",
    "pk": 24,
    "fields": {
        "ciudad": "Apartado",
        "departamento": 2
    }
},
{
    "model": "ciudad.ciudad",
    "pk": 25,
    "fields": {
        "ciudad": "Arboletes",
        "departamento": 2
    }
},
{
    "model": "ciudad.ciudad",
    "pk": 26,
    "fields": {
        "ciudad": "Argelia",
        "departamento": 2
    }
},
{
    "model": "ciudad.ciudad",
    "pk": 27,
    "fields": {
        "ciudad": "Armenia",
        "departamento": 2
    }
},
{
    "model": "ciudad.ciudad",
    "pk": 28,
    "fields": {
        "ciudad": "Barbosa",
        "departamento": 2
    }
},
{
    "model": "ciudad.ciudad",
    "pk": 29,
    "fields": {
        "ciudad": "Belmira",
        "departamento": 2
    }
},
{
    "model": "ciudad.ciudad",
    "pk": 30,
    "fields": {
        "ciudad": "Bello",
        "departamento": 2
    }
},
{
    "model": "ciudad.ciudad",
    "pk": 31,
    "fields": {
        "ciudad": "Betania",
        "departamento": 2
    }
},
{
    "model": "ciudad.ciudad",
    "pk": 32,
    "fields": {
        "ciudad": "Betulia",
        "departamento": 2
    }
},
{
    "model": "ciudad.ciudad",
    "pk": 33,
    "fields": {
        "ciudad": "Ciudad Bolivar",
        "departamento": 2
    }
},
{
    "model": "ciudad.ciudad",
    "pk": 34,
    "fields": {
        "ciudad": "Brice\u00f1o",
        "departamento": 2
    }
},
{
    "model": "ciudad.ciudad",
    "pk": 35,
    "fields": {
        "ciudad": "Buritica",
        "departamento": 2
    }
},
{
    "model": "ciudad.ciudad",
    "pk": 36,
    "fields": {
        "ciudad": "Caceres",
        "departamento": 2
    }
},
{
    "model": "ciudad.ciudad",
    "pk": 37,
    "fields": {
        "ciudad": "Caicedo",
        "departamento": 2
    }
},
{
    "model": "ciudad.ciudad",
    "pk": 38,
    "fields": {
        "ciudad": "Caldas",
        "departamento": 2
    }
},
{
    "model": "ciudad.ciudad",
    "pk": 39,
    "fields": {
        "ciudad": "Campamento",
        "departamento": 2
    }
},
{
    "model": "ciudad.ciudad",
    "pk": 40,
    "fields": {
        "ciudad": "Ca\u00f1asgordas",
        "departamento": 2
    }
},
{
    "model": "ciudad.ciudad",
    "pk": 41,
    "fields": {
        "ciudad": "Caracoli",
        "departamento": 2
    }
},
{
    "model": "ciudad.ciudad",
    "pk": 42,
    "fields": {
        "ciudad": "Caramanta",
        "departamento": 2
    }
},
{
    "model": "ciudad.ciudad",
    "pk": 43,
    "fields": {
        "ciudad": "Carepa",
        "departamento": 2
    }
},
{
    "model": "ciudad.ciudad",
    "pk": 44,
    "fields": {
        "ciudad": "El Carmen De Viboral",
        "departamento": 2
    }
},
{
    "model": "ciudad.ciudad",
    "pk": 45,
    "fields": {
        "ciudad": "Carolina",
        "departamento": 2
    }
},
{
    "model": "ciudad.ciudad",
    "pk": 46,
    "fields": {
        "ciudad": "Caucasia",
        "departamento": 2
    }
},
{
    "model": "ciudad.ciudad",
    "pk": 47,
    "fields": {
        "ciudad": "Chigorodo",
        "departamento": 2
    }
},
{
    "model": "ciudad.ciudad",
    "pk": 48,
    "fields": {
        "ciudad": "Cisneros",
        "departamento": 2
    }
},
{
    "model": "ciudad.ciudad",
    "pk": 49,
    "fields": {
        "ciudad": "Cocorna",
        "departamento": 2
    }
},
{
    "model": "ciudad.ciudad",
    "pk": 50,
    "fields": {
        "ciudad": "Concepcion",
        "departamento": 2
    }
},
{
    "model": "ciudad.ciudad",
    "pk": 51,
    "fields": {
        "ciudad": "Concordia",
        "departamento": 2
    }
},
{
    "model": "ciudad.ciudad",
    "pk": 52,
    "fields": {
        "ciudad": "Copacabana",
        "departamento": 2
    }
},
{
    "model": "ciudad.ciudad",
    "pk": 53,
    "fields": {
        "ciudad": "Dabeiba",
        "departamento": 2
    }
},
{
    "model": "ciudad.ciudad",
    "pk": 54,
    "fields": {
        "ciudad": "Don Matias",
        "departamento": 2
    }
},
{
    "model": "ciudad.ciudad",
    "pk": 55,
    "fields": {
        "ciudad": "Ebejico",
        "departamento": 2
    }
},
{
    "model": "ciudad.ciudad",
    "pk": 56,
    "fields": {
        "ciudad": "El Bagre",
        "departamento": 2
    }
},
{
    "model": "ciudad.ciudad",
    "pk": 57,
    "fields": {
        "ciudad": "Entrerrios",
        "departamento": 2
    }
},
{
    "model": "ciudad.ciudad",
    "pk": 58,
    "fields": {
        "ciudad": "Envigado",
        "departamento": 2
    }
},
{
    "model": "ciudad.ciudad",
    "pk": 59,
    "fields": {
        "ciudad": "Fredonia",
        "departamento": 2
    }
},
{
    "model": "ciudad.ciudad",
    "pk": 60,
    "fields": {
        "ciudad": "Frontino",
        "departamento": 2
    }
},
{
    "model": "ciudad.ciudad",
    "pk": 61,
    "fields": {
        "ciudad": "Giraldo",
        "departamento": 2
    }
},
{
    "model": "ciudad.ciudad",
    "pk": 62,
    "fields": {
        "ciudad": "Girardota",
        "departamento": 2
    }
},
{
    "model": "ciudad.ciudad",
    "pk": 63,
    "fields": {
        "ciudad": "Gomez Plata",
        "departamento": 2
    }
},
{
    "model": "ciudad.ciudad",
    "pk": 64,
    "fields": {
        "ciudad": "Granada",
        "departamento": 2
    }
},
{
    "model": "ciudad.ciudad",
    "pk": 65,
    "fields": {
        "ciudad": "Guadalupe",
        "departamento": 2
    }
},
{
    "model": "ciudad.ciudad",
    "pk": 66,
    "fields": {
        "ciudad": "Guarne",
        "departamento": 2
    }
},
{
    "model": "ciudad.ciudad",
    "pk": 67,
    "fields": {
        "ciudad": "Guatape",
        "departamento": 2
    }
},
{
    "model": "ciudad.ciudad",
    "pk": 68,
    "fields": {
        "ciudad": "Heliconia",
        "departamento": 2
    }
},
{
    "model": "ciudad.ciudad",
    "pk": 69,
    "fields": {
        "ciudad": "Hispania",
        "departamento": 2
    }
},
{
    "model": "ciudad.ciudad",
    "pk": 70,
    "fields": {
        "ciudad": "Itagui",
        "departamento": 2
    }
},
{
    "model": "ciudad.ciudad",
    "pk": 71,
    "fields": {
        "ciudad": "Ituango",
        "departamento": 2
    }
},
{
    "model": "ciudad.ciudad",
    "pk": 72,
    "fields": {
        "ciudad": "Jardin",
        "departamento": 2
    }
},
{
    "model": "ciudad.ciudad",
    "pk": 73,
    "fields": {
        "ciudad": "Jerico",
        "departamento": 2
    }
},
{
    "model": "ciudad.ciudad",
    "pk": 74,
    "fields": {
        "ciudad": "La Ceja",
        "departamento": 2
    }
},
{
    "model": "ciudad.ciudad",
    "pk": 75,
    "fields": {
        "ciudad": "La Estrella",
        "departamento": 2
    }
},
{
    "model": "ciudad.ciudad",
    "pk": 76,
    "fields": {
        "ciudad": "La Pintada",
        "departamento": 2
    }
},
{
    "model": "ciudad.ciudad",
    "pk": 77,
    "fields": {
        "ciudad": "La Union",
        "departamento": 2
    }
},
{
    "model": "ciudad.ciudad",
    "pk": 78,
    "fields": {
        "ciudad": "Liborina",
        "departamento": 2
    }
},
{
    "model": "ciudad.ciudad",
    "pk": 79,
    "fields": {
        "ciudad": "Maceo",
        "departamento": 2
    }
},
{
    "model": "ciudad.ciudad",
    "pk": 80,
    "fields": {
        "ciudad": "Marinilla",
        "departamento": 2
    }
},
{
    "model": "ciudad.ciudad",
    "pk": 81,
    "fields": {
        "ciudad": "Montebello",
        "departamento": 2
    }
},
{
    "model": "ciudad.ciudad",
    "pk": 82,
    "fields": {
        "ciudad": "Murindo",
        "departamento": 2
    }
},
{
    "model": "ciudad.ciudad",
    "pk": 83,
    "fields": {
        "ciudad": "Mutata",
        "departamento": 2
    }
},
{
    "model": "ciudad.ciudad",
    "pk": 84,
    "fields": {
        "ciudad": "Nari\u00f1o",
        "departamento": 2
    }
},
{
    "model": "ciudad.ciudad",
    "pk": 85,
    "fields": {
        "ciudad": "Necocli",
        "departamento": 2
    }
},
{
    "model": "ciudad.ciudad",
    "pk": 86,
    "fields": {
        "ciudad": "Nechi",
        "departamento": 2
    }
},
{
    "model": "ciudad.ciudad",
    "pk": 87,
    "fields": {
        "ciudad": "Olaya",
        "departamento": 2
    }
},
{
    "model": "ciudad.ciudad",
    "pk": 88,
    "fields": {
        "ciudad": "Pe\u00f0ol",
        "departamento": 2
    }
},
{
    "model": "ciudad.ciudad",
    "pk": 89,
    "fields": {
        "ciudad": "Peque",
        "departamento": 2
    }
},
{
    "model": "ciudad.ciudad",
    "pk": 90,
    "fields": {
        "ciudad": "Pueblorrico",
        "departamento": 2
    }
},
{
    "model": "ciudad.ciudad",
    "pk": 91,
    "fields": {
        "ciudad": "Puerto Berrio",
        "departamento": 2
    }
},
{
    "model": "ciudad.ciudad",
    "pk": 92,
    "fields": {
        "ciudad": "Puerto Nare",
        "departamento": 2
    }
},
{
    "model": "ciudad.ciudad",
    "pk": 93,
    "fields": {
        "ciudad": "Puerto Triunfo",
        "departamento": 2
    }
},
{
    "model": "ciudad.ciudad",
    "pk": 94,
    "fields": {
        "ciudad": "Remedios",
        "departamento": 2
    }
},
{
    "model": "ciudad.ciudad",
    "pk": 95,
    "fields": {
        "ciudad": "Retiro",
        "departamento": 2
    }
},
{
    "model": "ciudad.ciudad",
    "pk": 96,
    "fields": {
        "ciudad": "Rionegro",
        "departamento": 2
    }
},
{
    "model": "ciudad.ciudad",
    "pk": 97,
    "fields": {
        "ciudad": "Sabanalarga",
        "departamento": 2
    }
},
{
    "model": "ciudad.ciudad",
    "pk": 98,
    "fields": {
        "ciudad": "Sabaneta",
        "departamento": 2
    }
},
{
    "model": "ciudad.ciudad",
    "pk": 99,
    "fields": {
        "ciudad": "Salgar",
        "departamento": 2
    }
},
{
    "model": "ciudad.ciudad",
    "pk": 100,
    "fields": {
        "ciudad": "San Andres De Cuerquia",
        "departamento": 2
    }
},
{
    "model": "ciudad.ciudad",
    "pk": 101,
    "fields": {
        "ciudad": "San Carlos",
        "departamento": 2
    }
},
{
    "model": "ciudad.ciudad",
    "pk": 102,
    "fields": {
        "ciudad": "San Francisco",
        "departamento": 2
    }
},
{
    "model": "ciudad.ciudad",
    "pk": 103,
    "fields": {
        "ciudad": "San Jeronimo",
        "departamento": 2
    }
},
{
    "model": "ciudad.ciudad",
    "pk": 104,
    "fields": {
        "ciudad": "San Jose De La Monta\u00f1a",
        "departamento": 2
    }
},
{
    "model": "ciudad.ciudad",
    "pk": 105,
    "fields": {
        "ciudad": "San Juan De Uraba",
        "departamento": 2
    }
},
{
    "model": "ciudad.ciudad",
    "pk": 106,
    "fields": {
        "ciudad": "San Luis",
        "departamento": 2
    }
},
{
    "model": "ciudad.ciudad",
    "pk": 107,
    "fields": {
        "ciudad": "San Pedro",
        "departamento": 2
    }
},
{
    "model": "ciudad.ciudad",
    "pk": 108,
    "fields": {
        "ciudad": "San Pedro De Uraba",
        "departamento": 2
    }
},
{
    "model": "ciudad.ciudad",
    "pk": 109,
    "fields": {
        "ciudad": "San Rafael",
        "departamento": 2
    }
},
{
    "model": "ciudad.ciudad",
    "pk": 110,
    "fields": {
        "ciudad": "San Roque",
        "departamento": 2
    }
},
{
    "model": "ciudad.ciudad",
    "pk": 111,
    "fields": {
        "ciudad": "San Vicente",
        "departamento": 2
    }
},
{
    "model": "ciudad.ciudad",
    "pk": 112,
    "fields": {
        "ciudad": "Santa Barbara",
        "departamento": 2
    }
},
{
    "model": "ciudad.ciudad",
    "pk": 113,
    "fields": {
        "ciudad": "Santa Rosa De Osos",
        "departamento": 2
    }
},
{
    "model": "ciudad.ciudad",
    "pk": 114,
    "fields": {
        "ciudad": "Santo Domingo",
        "departamento": 2
    }
},
{
    "model": "ciudad.ciudad",
    "pk": 115,
    "fields": {
        "ciudad": "El Santuario",
        "departamento": 2
    }
},
{
    "model": "ciudad.ciudad",
    "pk": 116,
    "fields": {
        "ciudad": "Segovia",
        "departamento": 2
    }
},
{
    "model": "ciudad.ciudad",
    "pk": 117,
    "fields": {
        "ciudad": "Sonson",
        "departamento": 2
    }
},
{
    "model": "ciudad.ciudad",
    "pk": 118,
    "fields": {
        "ciudad": "Sopetran",
        "departamento": 2
    }
},
{
    "model": "ciudad.ciudad",
    "pk": 119,
    "fields": {
        "ciudad": "Tamesis",
        "departamento": 2
    }
},
{
    "model": "ciudad.ciudad",
    "pk": 120,
    "fields": {
        "ciudad": "Taraza",
        "departamento": 2
    }
},
{
    "model": "ciudad.ciudad",
    "pk": 121,
    "fields": {
        "ciudad": "Tarso",
        "departamento": 2
    }
},
{
    "model": "ciudad.ciudad",
    "pk": 122,
    "fields": {
        "ciudad": "Titiribi",
        "departamento": 2
    }
},
{
    "model": "ciudad.ciudad",
    "pk": 123,
    "fields": {
        "ciudad": "Toledo",
        "departamento": 2
    }
},
{
    "model": "ciudad.ciudad",
    "pk": 124,
    "fields": {
        "ciudad": "Turbo",
        "departamento": 2
    }
},
{
    "model": "ciudad.ciudad",
    "pk": 125,
    "fields": {
        "ciudad": "Uramita",
        "departamento": 2
    }
},
{
    "model": "ciudad.ciudad",
    "pk": 126,
    "fields": {
        "ciudad": "Urrao",
        "departamento": 2
    }
},
{
    "model": "ciudad.ciudad",
    "pk": 127,
    "fields": {
        "ciudad": "Valdivia",
        "departamento": 2
    }
},
{
    "model": "ciudad.ciudad",
    "pk": 128,
    "fields": {
        "ciudad": "Valparaiso",
        "departamento": 2
    }
},
{
    "model": "ciudad.ciudad",
    "pk": 129,
    "fields": {
        "ciudad": "Vegachi",
        "departamento": 2
    }
},
{
    "model": "ciudad.ciudad",
    "pk": 130,
    "fields": {
        "ciudad": "Venecia",
        "departamento": 2
    }
},
{
    "model": "ciudad.ciudad",
    "pk": 131,
    "fields": {
        "ciudad": "Vigia Del Fuerte",
        "departamento": 2
    }
},
{
    "model": "ciudad.ciudad",
    "pk": 132,
    "fields": {
        "ciudad": "Yali",
        "departamento": 2
    }
},
{
    "model": "ciudad.ciudad",
    "pk": 133,
    "fields": {
        "ciudad": "Yarumal",
        "departamento": 2
    }
},
{
    "model": "ciudad.ciudad",
    "pk": 134,
    "fields": {
        "ciudad": "Yolombo",
        "departamento": 2
    }
},
{
    "model": "ciudad.ciudad",
    "pk": 135,
    "fields": {
        "ciudad": "Yondo",
        "departamento": 2
    }
},
{
    "model": "ciudad.ciudad",
    "pk": 136,
    "fields": {
        "ciudad": "Zaragoza",
        "departamento": 2
    }
},
{
    "model": "ciudad.ciudad",
    "pk": 137,
    "fields": {
        "ciudad": "Arauca",
        "departamento": 3
    }
},
{
    "model": "ciudad.ciudad",
    "pk": 138,
    "fields": {
        "ciudad": "Arauquita",
        "departamento": 3
    }
},
{
    "model": "ciudad.ciudad",
    "pk": 139,
    "fields": {
        "ciudad": "Cravo Norte",
        "departamento": 3
    }
},
{
    "model": "ciudad.ciudad",
    "pk": 140,
    "fields": {
        "ciudad": "Fortul",
        "departamento": 3
    }
},
{
    "model": "ciudad.ciudad",
    "pk": 141,
    "fields": {
        "ciudad": "Puerto Rondon",
        "departamento": 3
    }
},
{
    "model": "ciudad.ciudad",
    "pk": 142,
    "fields": {
        "ciudad": "Saravena",
        "departamento": 3
    }
},
{
    "model": "ciudad.ciudad",
    "pk": 143,
    "fields": {
        "ciudad": "Tame",
        "departamento": 3
    }
},
{
    "model": "ciudad.ciudad",
    "pk": 144,
    "fields": {
        "ciudad": "Barranquilla",
        "departamento": 4
    }
},
{
    "model": "ciudad.ciudad",
    "pk": 145,
    "fields": {
        "ciudad": "Baranoa",
        "departamento": 4
    }
},
{
    "model": "ciudad.ciudad",
    "pk": 146,
    "fields": {
        "ciudad": "Campo De La Cruz",
        "departamento": 4
    }
},
{
    "model": "ciudad.ciudad",
    "pk": 147,
    "fields": {
        "ciudad": "Candelaria",
        "departamento": 4
    }
},
{
    "model": "ciudad.ciudad",
    "pk": 148,
    "fields": {
        "ciudad": "Galapa",
        "departamento": 4
    }
},
{
    "model": "ciudad.ciudad",
    "pk": 149,
    "fields": {
        "ciudad": "Juan De Acosta",
        "departamento": 4
    }
},
{
    "model": "ciudad.ciudad",
    "pk": 150,
    "fields": {
        "ciudad": "Luruaco",
        "departamento": 4
    }
},
{
    "model": "ciudad.ciudad",
    "pk": 151,
    "fields": {
        "ciudad": "Malambo",
        "departamento": 4
    }
},
{
    "model": "ciudad.ciudad",
    "pk": 152,
    "fields": {
        "ciudad": "Manati",
        "departamento": 4
    }
},
{
    "model": "ciudad.ciudad",
    "pk": 153,
    "fields": {
        "ciudad": "Palmar De Varela",
        "departamento": 4
    }
},
{
    "model": "ciudad.ciudad",
    "pk": 154,
    "fields": {
        "ciudad": "Piojo",
        "departamento": 4
    }
},
{
    "model": "ciudad.ciudad",
    "pk": 155,
    "fields": {
        "ciudad": "Polonuevo",
        "departamento": 4
    }
},
{
    "model": "ciudad.ciudad",
    "pk": 156,
    "fields": {
        "ciudad": "Ponedera",
        "departamento": 4
    }
},
{
    "model": "ciudad.ciudad",
    "pk": 157,
    "fields": {
        "ciudad": "Puerto Colombia",
        "departamento": 4
    }
},
{
    "model": "ciudad.ciudad",
    "pk": 158,
    "fields": {
        "ciudad": "Repelon",
        "departamento": 4
    }
},
{
    "model": "ciudad.ciudad",
    "pk": 159,
    "fields": {
        "ciudad": "Sabanagrande",
        "departamento": 4
    }
},
{
    "model": "ciudad.ciudad",
    "pk": 160,
    "fields": {
        "ciudad": "Sabanalarga",
        "departamento": 4
    }
},
{
    "model": "ciudad.ciudad",
    "pk": 161,
    "fields": {
        "ciudad": "Santa Lucia",
        "departamento": 4
    }
},
{
    "model": "ciudad.ciudad",
    "pk": 162,
    "fields": {
        "ciudad": "Santo Tomas",
        "departamento": 4
    }
},
{
    "model": "ciudad.ciudad",
    "pk": 163,
    "fields": {
        "ciudad": "Soledad",
        "departamento": 4
    }
},
{
    "model": "ciudad.ciudad",
    "pk": 164,
    "fields": {
        "ciudad": "Suan",
        "departamento": 4
    }
},
{
    "model": "ciudad.ciudad",
    "pk": 165,
    "fields": {
        "ciudad": "Tubara",
        "departamento": 4
    }
},
{
    "model": "ciudad.ciudad",
    "pk": 166,
    "fields": {
        "ciudad": "Usiacuri",
        "departamento": 4
    }
},
{
    "model": "ciudad.ciudad",
    "pk": 167,
    "fields": {
        "ciudad": "Bogota, D.C.",
        "departamento": 5
    }
},
{
    "model": "ciudad.ciudad",
    "pk": 168,
    "fields": {
        "ciudad": "Cartagena",
        "departamento": 6
    }
},
{
    "model": "ciudad.ciudad",
    "pk": 169,
    "fields": {
        "ciudad": "Achi",
        "departamento": 6
    }
},
{
    "model": "ciudad.ciudad",
    "pk": 170,
    "fields": {
        "ciudad": "Altos Del Rosario",
        "departamento": 6
    }
},
{
    "model": "ciudad.ciudad",
    "pk": 171,
    "fields": {
        "ciudad": "Arenal",
        "departamento": 6
    }
},
{
    "model": "ciudad.ciudad",
    "pk": 172,
    "fields": {
        "ciudad": "Arjona",
        "departamento": 6
    }
},
{
    "model": "ciudad.ciudad",
    "pk": 173,
    "fields": {
        "ciudad": "Arroyohondo",
        "departamento": 6
    }
},
{
    "model": "ciudad.ciudad",
    "pk": 174,
    "fields": {
        "ciudad": "Barranco De Loba",
        "departamento": 6
    }
},
{
    "model": "ciudad.ciudad",
    "pk": 175,
    "fields": {
        "ciudad": "Calamar",
        "departamento": 6
    }
},
{
    "model": "ciudad.ciudad",
    "pk": 176,
    "fields": {
        "ciudad": "Cantagallo",
        "departamento": 6
    }
},
{
    "model": "ciudad.ciudad",
    "pk": 177,
    "fields": {
        "ciudad": "Cicuco",
        "departamento": 6
    }
},
{
    "model": "ciudad.ciudad",
    "pk": 178,
    "fields": {
        "ciudad": "Cordoba",
        "departamento": 6
    }
},
{
    "model": "ciudad.ciudad",
    "pk": 179,
    "fields": {
        "ciudad": "Clemencia",
        "departamento": 6
    }
},
{
    "model": "ciudad.ciudad",
    "pk": 180,
    "fields": {
        "ciudad": "El Carmen De Bolivar",
        "departamento": 6
    }
},
{
    "model": "ciudad.ciudad",
    "pk": 181,
    "fields": {
        "ciudad": "El Guamo",
        "departamento": 6
    }
},
{
    "model": "ciudad.ciudad",
    "pk": 182,
    "fields": {
        "ciudad": "El Pe\u00f1on",
        "departamento": 6
    }
},
{
    "model": "ciudad.ciudad",
    "pk": 183,
    "fields": {
        "ciudad": "Hatillo De Loba",
        "departamento": 6
    }
},
{
    "model": "ciudad.ciudad",
    "pk": 184,
    "fields": {
        "ciudad": "Magangue",
        "departamento": 6
    }
},
{
    "model": "ciudad.ciudad",
    "pk": 185,
    "fields": {
        "ciudad": "Mahates",
        "departamento": 6
    }
},
{
    "model": "ciudad.ciudad",
    "pk": 186,
    "fields": {
        "ciudad": "Margarita",
        "departamento": 6
    }
},
{
    "model": "ciudad.ciudad",
    "pk": 187,
    "fields": {
        "ciudad": "Maria La Baja",
        "departamento": 6
    }
},
{
    "model": "ciudad.ciudad",
    "pk": 188,
    "fields": {
        "ciudad": "Montecristo",
        "departamento": 6
    }
},
{
    "model": "ciudad.ciudad",
    "pk": 189,
    "fields": {
        "ciudad": "Mompos",
        "departamento": 6
    }
},
{
    "model": "ciudad.ciudad",
    "pk": 190,
    "fields": {
        "ciudad": "Norosi",
        "departamento": 6
    }
},
{
    "model": "ciudad.ciudad",
    "pk": 191,
    "fields": {
        "ciudad": "Morales",
        "departamento": 6
    }
},
{
    "model": "ciudad.ciudad",
    "pk": 192,
    "fields": {
        "ciudad": "Pinillos",
        "departamento": 6
    }
},
{
    "model": "ciudad.ciudad",
    "pk": 193,
    "fields": {
        "ciudad": "Regidor",
        "departamento": 6
    }
},
{
    "model": "ciudad.ciudad",
    "pk": 194,
    "fields": {
        "ciudad": "Rio Viejo",
        "departamento": 6
    }
},
{
    "model": "ciudad.ciudad",
    "pk": 195,
    "fields": {
        "ciudad": "San Cristobal",
        "departamento": 6
    }
},
{
    "model": "ciudad.ciudad",
    "pk": 196,
    "fields": {
        "ciudad": "San Estanislao",
        "departamento": 6
    }
},
{
    "model": "ciudad.ciudad",
    "pk": 197,
    "fields": {
        "ciudad": "San Fernando",
        "departamento": 6
    }
},
{
    "model": "ciudad.ciudad",
    "pk": 198,
    "fields": {
        "ciudad": "San Jacinto",
        "departamento": 6
    }
},
{
    "model": "ciudad.ciudad",
    "pk": 199,
    "fields": {
        "ciudad": "San Jacinto Del Cauca",
        "departamento": 6
    }
},
{
    "model": "ciudad.ciudad",
    "pk": 200,
    "fields": {
        "ciudad": "San Juan Nepomuceno",
        "departamento": 6
    }
},
{
    "model": "ciudad.ciudad",
    "pk": 201,
    "fields": {
        "ciudad": "San Martin De Loba",
        "departamento": 6
    }
},
{
    "model": "ciudad.ciudad",
    "pk": 202,
    "fields": {
        "ciudad": "San Pablo",
        "departamento": 6
    }
},
{
    "model": "ciudad.ciudad",
    "pk": 203,
    "fields": {
        "ciudad": "Santa Catalina",
        "departamento": 6
    }
},
{
    "model": "ciudad.ciudad",
    "pk": 204,
    "fields": {
        "ciudad": "Santa Rosa",
        "departamento": 6
    }
},
{
    "model": "ciudad.ciudad",
    "pk": 205,
    "fields": {
        "ciudad": "Santa Rosa Del Sur",
        "departamento": 6
    }
},
{
    "model": "ciudad.ciudad",
    "pk": 206,
    "fields": {
        "ciudad": "Simiti",
        "departamento": 6
    }
},
{
    "model": "ciudad.ciudad",
    "pk": 207,
    "fields": {
        "ciudad": "Soplaviento",
        "departamento": 6
    }
},
{
    "model": "ciudad.ciudad",
    "pk": 208,
    "fields": {
        "ciudad": "Talaigua Nuevo",
        "departamento": 6
    }
},
{
    "model": "ciudad.ciudad",
    "pk": 209,
    "fields": {
        "ciudad": "Tiquisio",
        "departamento": 6
    }
},
{
    "model": "ciudad.ciudad",
    "pk": 210,
    "fields": {
        "ciudad": "Turbaco",
        "departamento": 6
    }
},
{
    "model": "ciudad.ciudad",
    "pk": 211,
    "fields": {
        "ciudad": "Turbana",
        "departamento": 6
    }
},
{
    "model": "ciudad.ciudad",
    "pk": 212,
    "fields": {
        "ciudad": "Villanueva",
        "departamento": 6
    }
},
{
    "model": "ciudad.ciudad",
    "pk": 213,
    "fields": {
        "ciudad": "Zambrano",
        "departamento": 6
    }
},
{
    "model": "ciudad.ciudad",
    "pk": 214,
    "fields": {
        "ciudad": "Tunja",
        "departamento": 7
    }
},
{
    "model": "ciudad.ciudad",
    "pk": 215,
    "fields": {
        "ciudad": "Almeida",
        "departamento": 7
    }
},
{
    "model": "ciudad.ciudad",
    "pk": 216,
    "fields": {
        "ciudad": "Aquitania",
        "departamento": 7
    }
},
{
    "model": "ciudad.ciudad",
    "pk": 217,
    "fields": {
        "ciudad": "Arcabuco",
        "departamento": 7
    }
},
{
    "model": "ciudad.ciudad",
    "pk": 218,
    "fields": {
        "ciudad": "Belen",
        "departamento": 7
    }
},
{
    "model": "ciudad.ciudad",
    "pk": 219,
    "fields": {
        "ciudad": "Berbeo",
        "departamento": 7
    }
},
{
    "model": "ciudad.ciudad",
    "pk": 220,
    "fields": {
        "ciudad": "Beteitiva",
        "departamento": 7
    }
},
{
    "model": "ciudad.ciudad",
    "pk": 221,
    "fields": {
        "ciudad": "Boavita",
        "departamento": 7
    }
},
{
    "model": "ciudad.ciudad",
    "pk": 222,
    "fields": {
        "ciudad": "Boyaca",
        "departamento": 7
    }
},
{
    "model": "ciudad.ciudad",
    "pk": 223,
    "fields": {
        "ciudad": "Brice\u00f1o",
        "departamento": 7
    }
},
{
    "model": "ciudad.ciudad",
    "pk": 224,
    "fields": {
        "ciudad": "Buenavista",
        "departamento": 7
    }
},
{
    "model": "ciudad.ciudad",
    "pk": 225,
    "fields": {
        "ciudad": "Busbanza",
        "departamento": 7
    }
},
{
    "model": "ciudad.ciudad",
    "pk": 226,
    "fields": {
        "ciudad": "Caldas",
        "departamento": 7
    }
},
{
    "model": "ciudad.ciudad",
    "pk": 227,
    "fields": {
        "ciudad": "Campohermoso",
        "departamento": 7
    }
},
{
    "model": "ciudad.ciudad",
    "pk": 228,
    "fields": {
        "ciudad": "Cerinza",
        "departamento": 7
    }
},
{
    "model": "ciudad.ciudad",
    "pk": 229,
    "fields": {
        "ciudad": "Chinavita",
        "departamento": 7
    }
},
{
    "model": "ciudad.ciudad",
    "pk": 230,
    "fields": {
        "ciudad": "Chiquinquira",
        "departamento": 7
    }
},
{
    "model": "ciudad.ciudad",
    "pk": 231,
    "fields": {
        "ciudad": "Chiscas",
        "departamento": 7
    }
},
{
    "model": "ciudad.ciudad",
    "pk": 232,
    "fields": {
        "ciudad": "Chita",
        "departamento": 7
    }
},
{
    "model": "ciudad.ciudad",
    "pk": 233,
    "fields": {
        "ciudad": "Chitaraque",
        "departamento": 7
    }
},
{
    "model": "ciudad.ciudad",
    "pk": 234,
    "fields": {
        "ciudad": "Chivata",
        "departamento": 7
    }
},
{
    "model": "ciudad.ciudad",
    "pk": 235,
    "fields": {
        "ciudad": "Cienega",
        "departamento": 7
    }
},
{
    "model": "ciudad.ciudad",
    "pk": 236,
    "fields": {
        "ciudad": "Combita",
        "departamento": 7
    }
},
{
    "model": "ciudad.ciudad",
    "pk": 237,
    "fields": {
        "ciudad": "Coper",
        "departamento": 7
    }
},
{
    "model": "ciudad.ciudad",
    "pk": 238,
    "fields": {
        "ciudad": "Corrales",
        "departamento": 7
    }
},
{
    "model": "ciudad.ciudad",
    "pk": 239,
    "fields": {
        "ciudad": "Covarachia",
        "departamento": 7
    }
},
{
    "model": "ciudad.ciudad",
    "pk": 240,
    "fields": {
        "ciudad": "Cubara",
        "departamento": 7
    }
},
{
    "model": "ciudad.ciudad",
    "pk": 241,
    "fields": {
        "ciudad": "Cucaita",
        "departamento": 7
    }
},
{
    "model": "ciudad.ciudad",
    "pk": 242,
    "fields": {
        "ciudad": "Cuitiva",
        "departamento": 7
    }
},
{
    "model": "ciudad.ciudad",
    "pk": 243,
    "fields": {
        "ciudad": "Chiquiza",
        "departamento": 7
    }
},
{
    "model": "ciudad.ciudad",
    "pk": 244,
    "fields": {
        "ciudad": "Chivor",
        "departamento": 7
    }
},
{
    "model": "ciudad.ciudad",
    "pk": 245,
    "fields": {
        "ciudad": "Duitama",
        "departamento": 7
    }
},
{
    "model": "ciudad.ciudad",
    "pk": 246,
    "fields": {
        "ciudad": "El Cocuy",
        "departamento": 7
    }
},
{
    "model": "ciudad.ciudad",
    "pk": 247,
    "fields": {
        "ciudad": "El Espino",
        "departamento": 7
    }
},
{
    "model": "ciudad.ciudad",
    "pk": 248,
    "fields": {
        "ciudad": "Firavitoba",
        "departamento": 7
    }
},
{
    "model": "ciudad.ciudad",
    "pk": 249,
    "fields": {
        "ciudad": "Floresta",
        "departamento": 7
    }
},
{
    "model": "ciudad.ciudad",
    "pk": 250,
    "fields": {
        "ciudad": "Gachantiva",
        "departamento": 7
    }
},
{
    "model": "ciudad.ciudad",
    "pk": 251,
    "fields": {
        "ciudad": "Gameza",
        "departamento": 7
    }
},
{
    "model": "ciudad.ciudad",
    "pk": 252,
    "fields": {
        "ciudad": "Garagoa",
        "departamento": 7
    }
},
{
    "model": "ciudad.ciudad",
    "pk": 253,
    "fields": {
        "ciudad": "Guacamayas",
        "departamento": 7
    }
},
{
    "model": "ciudad.ciudad",
    "pk": 254,
    "fields": {
        "ciudad": "Guateque",
        "departamento": 7
    }
},
{
    "model": "ciudad.ciudad",
    "pk": 255,
    "fields": {
        "ciudad": "Guayata",
        "departamento": 7
    }
},
{
    "model": "ciudad.ciudad",
    "pk": 256,
    "fields": {
        "ciudad": "Guican",
        "departamento": 7
    }
},
{
    "model": "ciudad.ciudad",
    "pk": 257,
    "fields": {
        "ciudad": "Iza",
        "departamento": 7
    }
},
{
    "model": "ciudad.ciudad",
    "pk": 258,
    "fields": {
        "ciudad": "Jenesano",
        "departamento": 7
    }
},
{
    "model": "ciudad.ciudad",
    "pk": 259,
    "fields": {
        "ciudad": "Jerico",
        "departamento": 7
    }
},
{
    "model": "ciudad.ciudad",
    "pk": 260,
    "fields": {
        "ciudad": "Labranzagrande",
        "departamento": 7
    }
},
{
    "model": "ciudad.ciudad",
    "pk": 261,
    "fields": {
        "ciudad": "La Capilla",
        "departamento": 7
    }
},
{
    "model": "ciudad.ciudad",
    "pk": 262,
    "fields": {
        "ciudad": "La Victoria",
        "departamento": 7
    }
},
{
    "model": "ciudad.ciudad",
    "pk": 263,
    "fields": {
        "ciudad": "La Uvita",
        "departamento": 7
    }
},
{
    "model": "ciudad.ciudad",
    "pk": 264,
    "fields": {
        "ciudad": "Villa De Leyva",
        "departamento": 7
    }
},
{
    "model": "ciudad.ciudad",
    "pk": 265,
    "fields": {
        "ciudad": "Macanal",
        "departamento": 7
    }
},
{
    "model": "ciudad.ciudad",
    "pk": 266,
    "fields": {
        "ciudad": "Maripi",
        "departamento": 7
    }
},
{
    "model": "ciudad.ciudad",
    "pk": 267,
    "fields": {
        "ciudad": "Miraflores",
        "departamento": 7
    }
},
{
    "model": "ciudad.ciudad",
    "pk": 268,
    "fields": {
        "ciudad": "Mongua",
        "departamento": 7
    }
},
{
    "model": "ciudad.ciudad",
    "pk": 269,
    "fields": {
        "ciudad": "Mongui",
        "departamento": 7
    }
},
{
    "model": "ciudad.ciudad",
    "pk": 270,
    "fields": {
        "ciudad": "Moniquira",
        "departamento": 7
    }
},
{
    "model": "ciudad.ciudad",
    "pk": 271,
    "fields": {
        "ciudad": "Motavita",
        "departamento": 7
    }
},
{
    "model": "ciudad.ciudad",
    "pk": 272,
    "fields": {
        "ciudad": "Muzo",
        "departamento": 7
    }
},
{
    "model": "ciudad.ciudad",
    "pk": 273,
    "fields": {
        "ciudad": "Nobsa",
        "departamento": 7
    }
},
{
    "model": "ciudad.ciudad",
    "pk": 274,
    "fields": {
        "ciudad": "Nuevo Colon",
        "departamento": 7
    }
},
{
    "model": "ciudad.ciudad",
    "pk": 275,
    "fields": {
        "ciudad": "Oicata",
        "departamento": 7
    }
},
{
    "model": "ciudad.ciudad",
    "pk": 276,
    "fields": {
        "ciudad": "Otanche",
        "departamento": 7
    }
},
{
    "model": "ciudad.ciudad",
    "pk": 277,
    "fields": {
        "ciudad": "Pachavita",
        "departamento": 7
    }
},
{
    "model": "ciudad.ciudad",
    "pk": 278,
    "fields": {
        "ciudad": "Paez",
        "departamento": 7
    }
},
{
    "model": "ciudad.ciudad",
    "pk": 279,
    "fields": {
        "ciudad": "Paipa",
        "departamento": 7
    }
},
{
    "model": "ciudad.ciudad",
    "pk": 280,
    "fields": {
        "ciudad": "Pajarito",
        "departamento": 7
    }
},
{
    "model": "ciudad.ciudad",
    "pk": 281,
    "fields": {
        "ciudad": "Panqueba",
        "departamento": 7
    }
},
{
    "model": "ciudad.ciudad",
    "pk": 282,
    "fields": {
        "ciudad": "Pauna",
        "departamento": 7
    }
},
{
    "model": "ciudad.ciudad",
    "pk": 283,
    "fields": {
        "ciudad": "Paya",
        "departamento": 7
    }
},
{
    "model": "ciudad.ciudad",
    "pk": 284,
    "fields": {
        "ciudad": "Paz De Rio",
        "departamento": 7
    }
},
{
    "model": "ciudad.ciudad",
    "pk": 285,
    "fields": {
        "ciudad": "Pesca",
        "departamento": 7
    }
},
{
    "model": "ciudad.ciudad",
    "pk": 286,
    "fields": {
        "ciudad": "Pisba",
        "departamento": 7
    }
},
{
    "model": "ciudad.ciudad",
    "pk": 287,
    "fields": {
        "ciudad": "Puerto Boyaca",
        "departamento": 7
    }
},
{
    "model": "ciudad.ciudad",
    "pk": 288,
    "fields": {
        "ciudad": "Quipama",
        "departamento": 7
    }
},
{
    "model": "ciudad.ciudad",
    "pk": 289,
    "fields": {
        "ciudad": "Ramiriqui",
        "departamento": 7
    }
},
{
    "model": "ciudad.ciudad",
    "pk": 290,
    "fields": {
        "ciudad": "Raquira",
        "departamento": 7
    }
},
{
    "model": "ciudad.ciudad",
    "pk": 291,
    "fields": {
        "ciudad": "Rondon",
        "departamento": 7
    }
},
{
    "model": "ciudad.ciudad",
    "pk": 292,
    "fields": {
        "ciudad": "Saboya",
        "departamento": 7
    }
},
{
    "model": "ciudad.ciudad",
    "pk": 293,
    "fields": {
        "ciudad": "Sachica",
        "departamento": 7
    }
},
{
    "model": "ciudad.ciudad",
    "pk": 294,
    "fields": {
        "ciudad": "Samaca",
        "departamento": 7
    }
},
{
    "model": "ciudad.ciudad",
    "pk": 295,
    "fields": {
        "ciudad": "San Eduardo",
        "departamento": 7
    }
},
{
    "model": "ciudad.ciudad",
    "pk": 296,
    "fields": {
        "ciudad": "San Jose De Pare",
        "departamento": 7
    }
},
{
    "model": "ciudad.ciudad",
    "pk": 297,
    "fields": {
        "ciudad": "San Luis De Gaceno",
        "departamento": 7
    }
},
{
    "model": "ciudad.ciudad",
    "pk": 298,
    "fields": {
        "ciudad": "San Mateo",
        "departamento": 7
    }
},
{
    "model": "ciudad.ciudad",
    "pk": 299,
    "fields": {
        "ciudad": "San Miguel De Sema",
        "departamento": 7
    }
},
{
    "model": "ciudad.ciudad",
    "pk": 300,
    "fields": {
        "ciudad": "San Pablo De Borbur",
        "departamento": 7
    }
},
{
    "model": "ciudad.ciudad",
    "pk": 301,
    "fields": {
        "ciudad": "Santana",
        "departamento": 7
    }
},
{
    "model": "ciudad.ciudad",
    "pk": 302,
    "fields": {
        "ciudad": "Santa Maria",
        "departamento": 7
    }
},
{
    "model": "ciudad.ciudad",
    "pk": 303,
    "fields": {
        "ciudad": "Santa Rosa De Viterbo",
        "departamento": 7
    }
},
{
    "model": "ciudad.ciudad",
    "pk": 304,
    "fields": {
        "ciudad": "Santa Sofia",
        "departamento": 7
    }
},
{
    "model": "ciudad.ciudad",
    "pk": 305,
    "fields": {
        "ciudad": "Sativanorte",
        "departamento": 7
    }
},
{
    "model": "ciudad.ciudad",
    "pk": 306,
    "fields": {
        "ciudad": "Sativasur",
        "departamento": 7
    }
},
{
    "model": "ciudad.ciudad",
    "pk": 307,
    "fields": {
        "ciudad": "Siachoque",
        "departamento": 7
    }
},
{
    "model": "ciudad.ciudad",
    "pk": 308,
    "fields": {
        "ciudad": "Soata",
        "departamento": 7
    }
},
{
    "model": "ciudad.ciudad",
    "pk": 309,
    "fields": {
        "ciudad": "Socota",
        "departamento": 7
    }
},
{
    "model": "ciudad.ciudad",
    "pk": 310,
    "fields": {
        "ciudad": "Socha",
        "departamento": 7
    }
},
{
    "model": "ciudad.ciudad",
    "pk": 311,
    "fields": {
        "ciudad": "Sogamoso",
        "departamento": 7
    }
},
{
    "model": "ciudad.ciudad",
    "pk": 312,
    "fields": {
        "ciudad": "Somondoco",
        "departamento": 7
    }
},
{
    "model": "ciudad.ciudad",
    "pk": 313,
    "fields": {
        "ciudad": "Sora",
        "departamento": 7
    }
},
{
    "model": "ciudad.ciudad",
    "pk": 314,
    "fields": {
        "ciudad": "Sotaquira",
        "departamento": 7
    }
},
{
    "model": "ciudad.ciudad",
    "pk": 315,
    "fields": {
        "ciudad": "Soraca",
        "departamento": 7
    }
},
{
    "model": "ciudad.ciudad",
    "pk": 316,
    "fields": {
        "ciudad": "Susacon",
        "departamento": 7
    }
},
{
    "model": "ciudad.ciudad",
    "pk": 317,
    "fields": {
        "ciudad": "Sutamarchan",
        "departamento": 7
    }
},
{
    "model": "ciudad.ciudad",
    "pk": 318,
    "fields": {
        "ciudad": "Sutatenza",
        "departamento": 7
    }
},
{
    "model": "ciudad.ciudad",
    "pk": 319,
    "fields": {
        "ciudad": "Tasco",
        "departamento": 7
    }
},
{
    "model": "ciudad.ciudad",
    "pk": 320,
    "fields": {
        "ciudad": "Tenza",
        "departamento": 7
    }
},
{
    "model": "ciudad.ciudad",
    "pk": 321,
    "fields": {
        "ciudad": "Tibana",
        "departamento": 7
    }
},
{
    "model": "ciudad.ciudad",
    "pk": 322,
    "fields": {
        "ciudad": "Tibasosa",
        "departamento": 7
    }
},
{
    "model": "ciudad.ciudad",
    "pk": 323,
    "fields": {
        "ciudad": "Tinjaca",
        "departamento": 7
    }
},
{
    "model": "ciudad.ciudad",
    "pk": 324,
    "fields": {
        "ciudad": "Tipacoque",
        "departamento": 7
    }
},
{
    "model": "ciudad.ciudad",
    "pk": 325,
    "fields": {
        "ciudad": "Toca",
        "departamento": 7
    }
},
{
    "model": "ciudad.ciudad",
    "pk": 326,
    "fields": {
        "ciudad": "Togui",
        "departamento": 7
    }
},
{
    "model": "ciudad.ciudad",
    "pk": 327,
    "fields": {
        "ciudad": "Topaga",
        "departamento": 7
    }
},
{
    "model": "ciudad.ciudad",
    "pk": 328,
    "fields": {
        "ciudad": "Tota",
        "departamento": 7
    }
},
{
    "model": "ciudad.ciudad",
    "pk": 329,
    "fields": {
        "ciudad": "Tunungua",
        "departamento": 7
    }
},
{
    "model": "ciudad.ciudad",
    "pk": 330,
    "fields": {
        "ciudad": "Turmeque",
        "departamento": 7
    }
},
{
    "model": "ciudad.ciudad",
    "pk": 331,
    "fields": {
        "ciudad": "Tuta",
        "departamento": 7
    }
},
{
    "model": "ciudad.ciudad",
    "pk": 332,
    "fields": {
        "ciudad": "Tutaza",
        "departamento": 7
    }
},
{
    "model": "ciudad.ciudad",
    "pk": 333,
    "fields": {
        "ciudad": "Umbita",
        "departamento": 7
    }
},
{
    "model": "ciudad.ciudad",
    "pk": 334,
    "fields": {
        "ciudad": "Ventaquemada",
        "departamento": 7
    }
},
{
    "model": "ciudad.ciudad",
    "pk": 335,
    "fields": {
        "ciudad": "Viracacha",
        "departamento": 7
    }
},
{
    "model": "ciudad.ciudad",
    "pk": 336,
    "fields": {
        "ciudad": "Zetaquira",
        "departamento": 7
    }
},
{
    "model": "ciudad.ciudad",
    "pk": 337,
    "fields": {
        "ciudad": "Manizales",
        "departamento": 8
    }
},
{
    "model": "ciudad.ciudad",
    "pk": 338,
    "fields": {
        "ciudad": "Aguadas",
        "departamento": 8
    }
},
{
    "model": "ciudad.ciudad",
    "pk": 339,
    "fields": {
        "ciudad": "Anserma",
        "departamento": 8
    }
},
{
    "model": "ciudad.ciudad",
    "pk": 340,
    "fields": {
        "ciudad": "Aranzazu",
        "departamento": 8
    }
},
{
    "model": "ciudad.ciudad",
    "pk": 341,
    "fields": {
        "ciudad": "Belalcazar",
        "departamento": 8
    }
},
{
    "model": "ciudad.ciudad",
    "pk": 342,
    "fields": {
        "ciudad": "Chinchina",
        "departamento": 8
    }
},
{
    "model": "ciudad.ciudad",
    "pk": 343,
    "fields": {
        "ciudad": "Filadelfia",
        "departamento": 8
    }
},
{
    "model": "ciudad.ciudad",
    "pk": 344,
    "fields": {
        "ciudad": "La Dorada",
        "departamento": 8
    }
},
{
    "model": "ciudad.ciudad",
    "pk": 345,
    "fields": {
        "ciudad": "La Merced",
        "departamento": 8
    }
},
{
    "model": "ciudad.ciudad",
    "pk": 346,
    "fields": {
        "ciudad": "Manzanares",
        "departamento": 8
    }
},
{
    "model": "ciudad.ciudad",
    "pk": 347,
    "fields": {
        "ciudad": "Marmato",
        "departamento": 8
    }
},
{
    "model": "ciudad.ciudad",
    "pk": 348,
    "fields": {
        "ciudad": "Marquetalia",
        "departamento": 8
    }
},
{
    "model": "ciudad.ciudad",
    "pk": 349,
    "fields": {
        "ciudad": "Marulanda",
        "departamento": 8
    }
},
{
    "model": "ciudad.ciudad",
    "pk": 350,
    "fields": {
        "ciudad": "Neira",
        "departamento": 8
    }
},
{
    "model": "ciudad.ciudad",
    "pk": 351,
    "fields": {
        "ciudad": "Norcasia",
        "departamento": 8
    }
},
{
    "model": "ciudad.ciudad",
    "pk": 352,
    "fields": {
        "ciudad": "Pacora",
        "departamento": 8
    }
},
{
    "model": "ciudad.ciudad",
    "pk": 353,
    "fields": {
        "ciudad": "Palestina",
        "departamento": 8
    }
},
{
    "model": "ciudad.ciudad",
    "pk": 354,
    "fields": {
        "ciudad": "Pensilvania",
        "departamento": 8
    }
},
{
    "model": "ciudad.ciudad",
    "pk": 355,
    "fields": {
        "ciudad": "Riosucio",
        "departamento": 8
    }
},
{
    "model": "ciudad.ciudad",
    "pk": 356,
    "fields": {
        "ciudad": "Risaralda",
        "departamento": 8
    }
},
{
    "model": "ciudad.ciudad",
    "pk": 357,
    "fields": {
        "ciudad": "Salamina",
        "departamento": 8
    }
},
{
    "model": "ciudad.ciudad",
    "pk": 358,
    "fields": {
        "ciudad": "Samana",
        "departamento": 8
    }
},
{
    "model": "ciudad.ciudad",
    "pk": 359,
    "fields": {
        "ciudad": "San Jose",
        "departamento": 8
    }
},
{
    "model": "ciudad.ciudad",
    "pk": 360,
    "fields": {
        "ciudad": "Supia",
        "departamento": 8
    }
},
{
    "model": "ciudad.ciudad",
    "pk": 361,
    "fields": {
        "ciudad": "Victoria",
        "departamento": 8
    }
},
{
    "model": "ciudad.ciudad",
    "pk": 362,
    "fields": {
        "ciudad": "Villamaria",
        "departamento": 8
    }
},
{
    "model": "ciudad.ciudad",
    "pk": 363,
    "fields": {
        "ciudad": "Viterbo",
        "departamento": 8
    }
},
{
    "model": "ciudad.ciudad",
    "pk": 364,
    "fields": {
        "ciudad": "Florencia",
        "departamento": 9
    }
},
{
    "model": "ciudad.ciudad",
    "pk": 365,
    "fields": {
        "ciudad": "Albania",
        "departamento": 9
    }
},
{
    "model": "ciudad.ciudad",
    "pk": 366,
    "fields": {
        "ciudad": "Belen De Los Andaquies",
        "departamento": 9
    }
},
{
    "model": "ciudad.ciudad",
    "pk": 367,
    "fields": {
        "ciudad": "Cartagena Del Chaira",
        "departamento": 9
    }
},
{
    "model": "ciudad.ciudad",
    "pk": 368,
    "fields": {
        "ciudad": "Curillo",
        "departamento": 9
    }
},
{
    "model": "ciudad.ciudad",
    "pk": 369,
    "fields": {
        "ciudad": "El Doncello",
        "departamento": 9
    }
},
{
    "model": "ciudad.ciudad",
    "pk": 370,
    "fields": {
        "ciudad": "El Paujil",
        "departamento": 9
    }
},
{
    "model": "ciudad.ciudad",
    "pk": 371,
    "fields": {
        "ciudad": "La Monta\u00f1ita",
        "departamento": 9
    }
},
{
    "model": "ciudad.ciudad",
    "pk": 372,
    "fields": {
        "ciudad": "Milan",
        "departamento": 9
    }
},
{
    "model": "ciudad.ciudad",
    "pk": 373,
    "fields": {
        "ciudad": "Morelia",
        "departamento": 9
    }
},
{
    "model": "ciudad.ciudad",
    "pk": 374,
    "fields": {
        "ciudad": "Puerto Rico",
        "departamento": 9
    }
},
{
    "model": "ciudad.ciudad",
    "pk": 375,
    "fields": {
        "ciudad": "San Jose Del Fragua",
        "departamento": 9
    }
},
{
    "model": "ciudad.ciudad",
    "pk": 376,
    "fields": {
        "ciudad": "San Vicente Del Caguan",
        "departamento": 9
    }
},
{
    "model": "ciudad.ciudad",
    "pk": 377,
    "fields": {
        "ciudad": "Solano",
        "departamento": 9
    }
},
{
    "model": "ciudad.ciudad",
    "pk": 378,
    "fields": {
        "ciudad": "Solita",
        "departamento": 9
    }
},
{
    "model": "ciudad.ciudad",
    "pk": 379,
    "fields": {
        "ciudad": "Valparaiso",
        "departamento": 9
    }
},
{
    "model": "ciudad.ciudad",
    "pk": 380,
    "fields": {
        "ciudad": "Yopal",
        "departamento": 10
    }
},
{
    "model": "ciudad.ciudad",
    "pk": 381,
    "fields": {
        "ciudad": "Aguazul",
        "departamento": 10
    }
},
{
    "model": "ciudad.ciudad",
    "pk": 382,
    "fields": {
        "ciudad": "Chameza",
        "departamento": 10
    }
},
{
    "model": "ciudad.ciudad",
    "pk": 383,
    "fields": {
        "ciudad": "Hato Corozal",
        "departamento": 10
    }
},
{
    "model": "ciudad.ciudad",
    "pk": 384,
    "fields": {
        "ciudad": "La Salina",
        "departamento": 10
    }
},
{
    "model": "ciudad.ciudad",
    "pk": 385,
    "fields": {
        "ciudad": "Mani",
        "departamento": 10
    }
},
{
    "model": "ciudad.ciudad",
    "pk": 386,
    "fields": {
        "ciudad": "Monterrey",
        "departamento": 10
    }
},
{
    "model": "ciudad.ciudad",
    "pk": 387,
    "fields": {
        "ciudad": "Nunchia",
        "departamento": 10
    }
},
{
    "model": "ciudad.ciudad",
    "pk": 388,
    "fields": {
        "ciudad": "Orocue",
        "departamento": 10
    }
},
{
    "model": "ciudad.ciudad",
    "pk": 389,
    "fields": {
        "ciudad": "Paz De Ariporo",
        "departamento": 10
    }
},
{
    "model": "ciudad.ciudad",
    "pk": 390,
    "fields": {
        "ciudad": "Pore",
        "departamento": 10
    }
},
{
    "model": "ciudad.ciudad",
    "pk": 391,
    "fields": {
        "ciudad": "Recetor",
        "departamento": 10
    }
},
{
    "model": "ciudad.ciudad",
    "pk": 392,
    "fields": {
        "ciudad": "Sabanalarga",
        "departamento": 10
    }
},
{
    "model": "ciudad.ciudad",
    "pk": 393,
    "fields": {
        "ciudad": "Sacama",
        "departamento": 10
    }
},
{
    "model": "ciudad.ciudad",
    "pk": 394,
    "fields": {
        "ciudad": "San Luis De Palenque",
        "departamento": 10
    }
},
{
    "model": "ciudad.ciudad",
    "pk": 395,
    "fields": {
        "ciudad": "Tamara",
        "departamento": 10
    }
},
{
    "model": "ciudad.ciudad",
    "pk": 396,
    "fields": {
        "ciudad": "Tauramena",
        "departamento": 10
    }
},
{
    "model": "ciudad.ciudad",
    "pk": 397,
    "fields": {
        "ciudad": "Trinidad",
        "departamento": 10
    }
},
{
    "model": "ciudad.ciudad",
    "pk": 398,
    "fields": {
        "ciudad": "Villanueva",
        "departamento": 10
    }
},
{
    "model": "ciudad.ciudad",
    "pk": 399,
    "fields": {
        "ciudad": "Popayan",
        "departamento": 11
    }
},
{
    "model": "ciudad.ciudad",
    "pk": 400,
    "fields": {
        "ciudad": "Almaguer",
        "departamento": 11
    }
},
{
    "model": "ciudad.ciudad",
    "pk": 401,
    "fields": {
        "ciudad": "Argelia",
        "departamento": 11
    }
},
{
    "model": "ciudad.ciudad",
    "pk": 402,
    "fields": {
        "ciudad": "Balboa",
        "departamento": 11
    }
},
{
    "model": "ciudad.ciudad",
    "pk": 403,
    "fields": {
        "ciudad": "Bolivar",
        "departamento": 11
    }
},
{
    "model": "ciudad.ciudad",
    "pk": 404,
    "fields": {
        "ciudad": "Buenos Aires",
        "departamento": 11
    }
},
{
    "model": "ciudad.ciudad",
    "pk": 405,
    "fields": {
        "ciudad": "Cajibio",
        "departamento": 11
    }
},
{
    "model": "ciudad.ciudad",
    "pk": 406,
    "fields": {
        "ciudad": "Caldono",
        "departamento": 11
    }
},
{
    "model": "ciudad.ciudad",
    "pk": 407,
    "fields": {
        "ciudad": "Caloto",
        "departamento": 11
    }
},
{
    "model": "ciudad.ciudad",
    "pk": 408,
    "fields": {
        "ciudad": "Corinto",
        "departamento": 11
    }
},
{
    "model": "ciudad.ciudad",
    "pk": 409,
    "fields": {
        "ciudad": "El Tambo",
        "departamento": 11
    }
},
{
    "model": "ciudad.ciudad",
    "pk": 410,
    "fields": {
        "ciudad": "Florencia",
        "departamento": 11
    }
},
{
    "model": "ciudad.ciudad",
    "pk": 411,
    "fields": {
        "ciudad": "Guachene",
        "departamento": 11
    }
},
{
    "model": "ciudad.ciudad",
    "pk": 412,
    "fields": {
        "ciudad": "Guapi",
        "departamento": 11
    }
},
{
    "model": "ciudad.ciudad",
    "pk": 413,
    "fields": {
        "ciudad": "Inza",
        "departamento": 11
    }
},
{
    "model": "ciudad.ciudad",
    "pk": 414,
    "fields": {
        "ciudad": "Jambalo",
        "departamento": 11
    }
},
{
    "model": "ciudad.ciudad",
    "pk": 415,
    "fields": {
        "ciudad": "La Sierra",
        "departamento": 11
    }
},
{
    "model": "ciudad.ciudad",
    "pk": 416,
    "fields": {
        "ciudad": "La Vega",
        "departamento": 11
    }
},
{
    "model": "ciudad.ciudad",
    "pk": 417,
    "fields": {
        "ciudad": "Lopez",
        "departamento": 11
    }
},
{
    "model": "ciudad.ciudad",
    "pk": 418,
    "fields": {
        "ciudad": "Mercaderes",
        "departamento": 11
    }
},
{
    "model": "ciudad.ciudad",
    "pk": 419,
    "fields": {
        "ciudad": "Miranda",
        "departamento": 11
    }
},
{
    "model": "ciudad.ciudad",
    "pk": 420,
    "fields": {
        "ciudad": "Morales",
        "departamento": 11
    }
},
{
    "model": "ciudad.ciudad",
    "pk": 421,
    "fields": {
        "ciudad": "Padilla",
        "departamento": 11
    }
},
{
    "model": "ciudad.ciudad",
    "pk": 422,
    "fields": {
        "ciudad": "Paez",
        "departamento": 11
    }
},
{
    "model": "ciudad.ciudad",
    "pk": 423,
    "fields": {
        "ciudad": "Patia",
        "departamento": 11
    }
},
{
    "model": "ciudad.ciudad",
    "pk": 424,
    "fields": {
        "ciudad": "Piamonte",
        "departamento": 11
    }
},
{
    "model": "ciudad.ciudad",
    "pk": 425,
    "fields": {
        "ciudad": "Piendamo",
        "departamento": 11
    }
},
{
    "model": "ciudad.ciudad",
    "pk": 426,
    "fields": {
        "ciudad": "Puerto Tejada",
        "departamento": 11
    }
},
{
    "model": "ciudad.ciudad",
    "pk": 427,
    "fields": {
        "ciudad": "Purace",
        "departamento": 11
    }
},
{
    "model": "ciudad.ciudad",
    "pk": 428,
    "fields": {
        "ciudad": "Rosas",
        "departamento": 11
    }
},
{
    "model": "ciudad.ciudad",
    "pk": 429,
    "fields": {
        "ciudad": "San Sebastian",
        "departamento": 11
    }
},
{
    "model": "ciudad.ciudad",
    "pk": 430,
    "fields": {
        "ciudad": "Santander De Quilichao",
        "departamento": 11
    }
},
{
    "model": "ciudad.ciudad",
    "pk": 431,
    "fields": {
        "ciudad": "Santa Rosa",
        "departamento": 11
    }
},
{
    "model": "ciudad.ciudad",
    "pk": 432,
    "fields": {
        "ciudad": "Silvia",
        "departamento": 11
    }
},
{
    "model": "ciudad.ciudad",
    "pk": 433,
    "fields": {
        "ciudad": "Sotara",
        "departamento": 11
    }
},
{
    "model": "ciudad.ciudad",
    "pk": 434,
    "fields": {
        "ciudad": "Suarez",
        "departamento": 11
    }
},
{
    "model": "ciudad.ciudad",
    "pk": 435,
    "fields": {
        "ciudad": "Sucre",
        "departamento": 11
    }
},
{
    "model": "ciudad.ciudad",
    "pk": 436,
    "fields": {
        "ciudad": "Timbio",
        "departamento": 11
    }
},
{
    "model": "ciudad.ciudad",
    "pk": 437,
    "fields": {
        "ciudad": "Timbiqui",
        "departamento": 11
    }
},
{
    "model": "ciudad.ciudad",
    "pk": 438,
    "fields": {
        "ciudad": "Toribio",
        "departamento": 11
    }
},
{
    "model": "ciudad.ciudad",
    "pk": 439,
    "fields": {
        "ciudad": "Totoro",
        "departamento": 11
    }
},
{
    "model": "ciudad.ciudad",
    "pk": 440,
    "fields": {
        "ciudad": "Villa Rica",
        "departamento": 11
    }
},
{
    "model": "ciudad.ciudad",
    "pk": 441,
    "fields": {
        "ciudad": "Valledupar",
        "departamento": 12
    }
},
{
    "model": "ciudad.ciudad",
    "pk": 442,
    "fields": {
        "ciudad": "Aguachica",
        "departamento": 12
    }
},
{
    "model": "ciudad.ciudad",
    "pk": 443,
    "fields": {
        "ciudad": "Agustin Codazzi",
        "departamento": 12
    }
},
{
    "model": "ciudad.ciudad",
    "pk": 444,
    "fields": {
        "ciudad": "Astrea",
        "departamento": 12
    }
},
{
    "model": "ciudad.ciudad",
    "pk": 445,
    "fields": {
        "ciudad": "Becerril",
        "departamento": 12
    }
},
{
    "model": "ciudad.ciudad",
    "pk": 446,
    "fields": {
        "ciudad": "Bosconia",
        "departamento": 12
    }
},
{
    "model": "ciudad.ciudad",
    "pk": 447,
    "fields": {
        "ciudad": "Chimichagua",
        "departamento": 12
    }
},
{
    "model": "ciudad.ciudad",
    "pk": 448,
    "fields": {
        "ciudad": "Chiriguana",
        "departamento": 12
    }
},
{
    "model": "ciudad.ciudad",
    "pk": 449,
    "fields": {
        "ciudad": "Curumani",
        "departamento": 12
    }
},
{
    "model": "ciudad.ciudad",
    "pk": 450,
    "fields": {
        "ciudad": "El Copey",
        "departamento": 12
    }
},
{
    "model": "ciudad.ciudad",
    "pk": 451,
    "fields": {
        "ciudad": "El Paso",
        "departamento": 12
    }
},
{
    "model": "ciudad.ciudad",
    "pk": 452,
    "fields": {
        "ciudad": "Gamarra",
        "departamento": 12
    }
},
{
    "model": "ciudad.ciudad",
    "pk": 453,
    "fields": {
        "ciudad": "Gonzalez",
        "departamento": 12
    }
},
{
    "model": "ciudad.ciudad",
    "pk": 454,
    "fields": {
        "ciudad": "La Gloria",
        "departamento": 12
    }
},
{
    "model": "ciudad.ciudad",
    "pk": 455,
    "fields": {
        "ciudad": "La Jagua De Ibirico",
        "departamento": 12
    }
},
{
    "model": "ciudad.ciudad",
    "pk": 456,
    "fields": {
        "ciudad": "Manaure",
        "departamento": 12
    }
},
{
    "model": "ciudad.ciudad",
    "pk": 457,
    "fields": {
        "ciudad": "Pailitas",
        "departamento": 12
    }
},
{
    "model": "ciudad.ciudad",
    "pk": 458,
    "fields": {
        "ciudad": "Pelaya",
        "departamento": 12
    }
},
{
    "model": "ciudad.ciudad",
    "pk": 459,
    "fields": {
        "ciudad": "Pueblo Bello",
        "departamento": 12
    }
},
{
    "model": "ciudad.ciudad",
    "pk": 460,
    "fields": {
        "ciudad": "Rio De Oro",
        "departamento": 12
    }
},
{
    "model": "ciudad.ciudad",
    "pk": 461,
    "fields": {
        "ciudad": "La Paz",
        "departamento": 12
    }
},
{
    "model": "ciudad.ciudad",
    "pk": 462,
    "fields": {
        "ciudad": "San Alberto",
        "departamento": 12
    }
},
{
    "model": "ciudad.ciudad",
    "pk": 463,
    "fields": {
        "ciudad": "San Diego",
        "departamento": 12
    }
},
{
    "model": "ciudad.ciudad",
    "pk": 464,
    "fields": {
        "ciudad": "San Martin",
        "departamento": 12
    }
},
{
    "model": "ciudad.ciudad",
    "pk": 465,
    "fields": {
        "ciudad": "Tamalameque",
        "departamento": 12
    }
},
{
    "model": "ciudad.ciudad",
    "pk": 466,
    "fields": {
        "ciudad": "Quibdo",
        "departamento": 13
    }
},
{
    "model": "ciudad.ciudad",
    "pk": 467,
    "fields": {
        "ciudad": "Acandi",
        "departamento": 13
    }
},
{
    "model": "ciudad.ciudad",
    "pk": 468,
    "fields": {
        "ciudad": "Alto Baudo",
        "departamento": 13
    }
},
{
    "model": "ciudad.ciudad",
    "pk": 469,
    "fields": {
        "ciudad": "Atrato",
        "departamento": 13
    }
},
{
    "model": "ciudad.ciudad",
    "pk": 470,
    "fields": {
        "ciudad": "Bagado",
        "departamento": 13
    }
},
{
    "model": "ciudad.ciudad",
    "pk": 471,
    "fields": {
        "ciudad": "Bahia Solano",
        "departamento": 13
    }
},
{
    "model": "ciudad.ciudad",
    "pk": 472,
    "fields": {
        "ciudad": "Bajo Baudo",
        "departamento": 13
    }
},
{
    "model": "ciudad.ciudad",
    "pk": 473,
    "fields": {
        "ciudad": "Bojaya",
        "departamento": 13
    }
},
{
    "model": "ciudad.ciudad",
    "pk": 474,
    "fields": {
        "ciudad": "El Canton Del San Pablo",
        "departamento": 13
    }
},
{
    "model": "ciudad.ciudad",
    "pk": 475,
    "fields": {
        "ciudad": "Carmen Del Darien",
        "departamento": 13
    }
},
{
    "model": "ciudad.ciudad",
    "pk": 476,
    "fields": {
        "ciudad": "Certegui",
        "departamento": 13
    }
},
{
    "model": "ciudad.ciudad",
    "pk": 477,
    "fields": {
        "ciudad": "Condoto",
        "departamento": 13
    }
},
{
    "model": "ciudad.ciudad",
    "pk": 478,
    "fields": {
        "ciudad": "El Carmen De Atrato",
        "departamento": 13
    }
},
{
    "model": "ciudad.ciudad",
    "pk": 479,
    "fields": {
        "ciudad": "El Litoral Del San Juan",
        "departamento": 13
    }
},
{
    "model": "ciudad.ciudad",
    "pk": 480,
    "fields": {
        "ciudad": "Istmina",
        "departamento": 13
    }
},
{
    "model": "ciudad.ciudad",
    "pk": 481,
    "fields": {
        "ciudad": "Jurado",
        "departamento": 13
    }
},
{
    "model": "ciudad.ciudad",
    "pk": 482,
    "fields": {
        "ciudad": "Lloro",
        "departamento": 13
    }
},
{
    "model": "ciudad.ciudad",
    "pk": 483,
    "fields": {
        "ciudad": "Medio Atrato",
        "departamento": 13
    }
},
{
    "model": "ciudad.ciudad",
    "pk": 484,
    "fields": {
        "ciudad": "Medio Baudo",
        "departamento": 13
    }
},
{
    "model": "ciudad.ciudad",
    "pk": 485,
    "fields": {
        "ciudad": "Medio San Juan",
        "departamento": 13
    }
},
{
    "model": "ciudad.ciudad",
    "pk": 486,
    "fields": {
        "ciudad": "Novita",
        "departamento": 13
    }
},
{
    "model": "ciudad.ciudad",
    "pk": 487,
    "fields": {
        "ciudad": "Nuqui",
        "departamento": 13
    }
},
{
    "model": "ciudad.ciudad",
    "pk": 488,
    "fields": {
        "ciudad": "Rio Iro",
        "departamento": 13
    }
},
{
    "model": "ciudad.ciudad",
    "pk": 489,
    "fields": {
        "ciudad": "Rio Quito",
        "departamento": 13
    }
},
{
    "model": "ciudad.ciudad",
    "pk": 490,
    "fields": {
        "ciudad": "Riosucio",
        "departamento": 13
    }
},
{
    "model": "ciudad.ciudad",
    "pk": 491,
    "fields": {
        "ciudad": "San Jose Del Palmar",
        "departamento": 13
    }
},
{
    "model": "ciudad.ciudad",
    "pk": 492,
    "fields": {
        "ciudad": "Sipi",
        "departamento": 13
    }
},
{
    "model": "ciudad.ciudad",
    "pk": 493,
    "fields": {
        "ciudad": "Tado",
        "departamento": 13
    }
},
{
    "model": "ciudad.ciudad",
    "pk": 494,
    "fields": {
        "ciudad": "Unguia",
        "departamento": 13
    }
},
{
    "model": "ciudad.ciudad",
    "pk": 495,
    "fields": {
        "ciudad": "Union Panamericana",
        "departamento": 13
    }
},
{
    "model": "ciudad.ciudad",
    "pk": 496,
    "fields": {
        "ciudad": "Monteria",
        "departamento": 14
    }
},
{
    "model": "ciudad.ciudad",
    "pk": 497,
    "fields": {
        "ciudad": "Ayapel",
        "departamento": 14
    }
},
{
    "model": "ciudad.ciudad",
    "pk": 498,
    "fields": {
        "ciudad": "Buenavista",
        "departamento": 14
    }
},
{
    "model": "ciudad.ciudad",
    "pk": 499,
    "fields": {
        "ciudad": "Canalete",
        "departamento": 14
    }
},
{
    "model": "ciudad.ciudad",
    "pk": 500,
    "fields": {
        "ciudad": "Cerete",
        "departamento": 14
    }
},
{
    "model": "ciudad.ciudad",
    "pk": 501,
    "fields": {
        "ciudad": "Chima",
        "departamento": 14
    }
},
{
    "model": "ciudad.ciudad",
    "pk": 502,
    "fields": {
        "ciudad": "Chinu",
        "departamento": 14
    }
},
{
    "model": "ciudad.ciudad",
    "pk": 503,
    "fields": {
        "ciudad": "Cienaga De Oro",
        "departamento": 14
    }
},
{
    "model": "ciudad.ciudad",
    "pk": 504,
    "fields": {
        "ciudad": "Cotorra",
        "departamento": 14
    }
},
{
    "model": "ciudad.ciudad",
    "pk": 505,
    "fields": {
        "ciudad": "La Apartada",
        "departamento": 14
    }
},
{
    "model": "ciudad.ciudad",
    "pk": 506,
    "fields": {
        "ciudad": "Lorica",
        "departamento": 14
    }
},
{
    "model": "ciudad.ciudad",
    "pk": 507,
    "fields": {
        "ciudad": "Los Cordobas",
        "departamento": 14
    }
},
{
    "model": "ciudad.ciudad",
    "pk": 508,
    "fields": {
        "ciudad": "Momil",
        "departamento": 14
    }
},
{
    "model": "ciudad.ciudad",
    "pk": 509,
    "fields": {
        "ciudad": "Montelibano",
        "departamento": 14
    }
},
{
    "model": "ciudad.ciudad",
    "pk": 510,
    "fields": {
        "ciudad": "Mo\u00f1itos",
        "departamento": 14
    }
},
{
    "model": "ciudad.ciudad",
    "pk": 511,
    "fields": {
        "ciudad": "Planeta Rica",
        "departamento": 14
    }
},
{
    "model": "ciudad.ciudad",
    "pk": 512,
    "fields": {
        "ciudad": "Pueblo Nuevo",
        "departamento": 14
    }
},
{
    "model": "ciudad.ciudad",
    "pk": 513,
    "fields": {
        "ciudad": "Puerto Escondido",
        "departamento": 14
    }
},
{
    "model": "ciudad.ciudad",
    "pk": 514,
    "fields": {
        "ciudad": "Puerto Libertador",
        "departamento": 14
    }
},
{
    "model": "ciudad.ciudad",
    "pk": 515,
    "fields": {
        "ciudad": "Purisima",
        "departamento": 14
    }
},
{
    "model": "ciudad.ciudad",
    "pk": 516,
    "fields": {
        "ciudad": "Sahagun",
        "departamento": 14
    }
},
{
    "model": "ciudad.ciudad",
    "pk": 517,
    "fields": {
        "ciudad": "San Andres Sotavento",
        "departamento": 14
    }
},
{
    "model": "ciudad.ciudad",
    "pk": 518,
    "fields": {
        "ciudad": "San Antero",
        "departamento": 14
    }
},
{
    "model": "ciudad.ciudad",
    "pk": 519,
    "fields": {
        "ciudad": "San Bernardo Del Viento",
        "departamento": 14
    }
},
{
    "model": "ciudad.ciudad",
    "pk": 520,
    "fields": {
        "ciudad": "San Carlos",
        "departamento": 14
    }
},
{
    "model": "ciudad.ciudad",
    "pk": 521,
    "fields": {
        "ciudad": "San Pelayo",
        "departamento": 14
    }
},
{
    "model": "ciudad.ciudad",
    "pk": 522,
    "fields": {
        "ciudad": "Tierralta",
        "departamento": 14
    }
},
{
    "model": "ciudad.ciudad",
    "pk": 523,
    "fields": {
        "ciudad": "Valencia",
        "departamento": 14
    }
},
{
    "model": "ciudad.ciudad",
    "pk": 524,
    "fields": {
        "ciudad": "Agua De Dios",
        "departamento": 15
    }
},
{
    "model": "ciudad.ciudad",
    "pk": 525,
    "fields": {
        "ciudad": "Alban",
        "departamento": 15
    }
},
{
    "model": "ciudad.ciudad",
    "pk": 526,
    "fields": {
        "ciudad": "Anapoima",
        "departamento": 15
    }
},
{
    "model": "ciudad.ciudad",
    "pk": 527,
    "fields": {
        "ciudad": "Anolaima",
        "departamento": 15
    }
},
{
    "model": "ciudad.ciudad",
    "pk": 528,
    "fields": {
        "ciudad": "Arbelaez",
        "departamento": 15
    }
},
{
    "model": "ciudad.ciudad",
    "pk": 529,
    "fields": {
        "ciudad": "Beltran",
        "departamento": 15
    }
},
{
    "model": "ciudad.ciudad",
    "pk": 530,
    "fields": {
        "ciudad": "Bituima",
        "departamento": 15
    }
},
{
    "model": "ciudad.ciudad",
    "pk": 531,
    "fields": {
        "ciudad": "Bojaca",
        "departamento": 15
    }
},
{
    "model": "ciudad.ciudad",
    "pk": 532,
    "fields": {
        "ciudad": "Cabrera",
        "departamento": 15
    }
},
{
    "model": "ciudad.ciudad",
    "pk": 533,
    "fields": {
        "ciudad": "Cachipay",
        "departamento": 15
    }
},
{
    "model": "ciudad.ciudad",
    "pk": 534,
    "fields": {
        "ciudad": "Cajica",
        "departamento": 15
    }
},
{
    "model": "ciudad.ciudad",
    "pk": 535,
    "fields": {
        "ciudad": "Caparrapi",
        "departamento": 15
    }
},
{
    "model": "ciudad.ciudad",
    "pk": 536,
    "fields": {
        "ciudad": "Caqueza",
        "departamento": 15
    }
},
{
    "model": "ciudad.ciudad",
    "pk": 537,
    "fields": {
        "ciudad": "Carmen De Carupa",
        "departamento": 15
    }
},
{
    "model": "ciudad.ciudad",
    "pk": 538,
    "fields": {
        "ciudad": "Chaguani",
        "departamento": 15
    }
},
{
    "model": "ciudad.ciudad",
    "pk": 539,
    "fields": {
        "ciudad": "Chia",
        "departamento": 15
    }
},
{
    "model": "ciudad.ciudad",
    "pk": 540,
    "fields": {
        "ciudad": "Chipaque",
        "departamento": 15
    }
},
{
    "model": "ciudad.ciudad",
    "pk": 541,
    "fields": {
        "ciudad": "Choachi",
        "departamento": 15
    }
},
{
    "model": "ciudad.ciudad",
    "pk": 542,
    "fields": {
        "ciudad": "Choconta",
        "departamento": 15
    }
},
{
    "model": "ciudad.ciudad",
    "pk": 543,
    "fields": {
        "ciudad": "Cogua",
        "departamento": 15
    }
},
{
    "model": "ciudad.ciudad",
    "pk": 544,
    "fields": {
        "ciudad": "Cota",
        "departamento": 15
    }
},
{
    "model": "ciudad.ciudad",
    "pk": 545,
    "fields": {
        "ciudad": "Cucunuba",
        "departamento": 15
    }
},
{
    "model": "ciudad.ciudad",
    "pk": 546,
    "fields": {
        "ciudad": "El Colegio",
        "departamento": 15
    }
},
{
    "model": "ciudad.ciudad",
    "pk": 547,
    "fields": {
        "ciudad": "El Pe\u00f1on",
        "departamento": 15
    }
},
{
    "model": "ciudad.ciudad",
    "pk": 548,
    "fields": {
        "ciudad": "El Rosal",
        "departamento": 15
    }
},
{
    "model": "ciudad.ciudad",
    "pk": 549,
    "fields": {
        "ciudad": "Facatativa",
        "departamento": 15
    }
},
{
    "model": "ciudad.ciudad",
    "pk": 550,
    "fields": {
        "ciudad": "Fomeque",
        "departamento": 15
    }
},
{
    "model": "ciudad.ciudad",
    "pk": 551,
    "fields": {
        "ciudad": "Fosca",
        "departamento": 15
    }
},
{
    "model": "ciudad.ciudad",
    "pk": 552,
    "fields": {
        "ciudad": "Funza",
        "departamento": 15
    }
},
{
    "model": "ciudad.ciudad",
    "pk": 553,
    "fields": {
        "ciudad": "Fuquene",
        "departamento": 15
    }
},
{
    "model": "ciudad.ciudad",
    "pk": 554,
    "fields": {
        "ciudad": "Fusagasuga",
        "departamento": 15
    }
},
{
    "model": "ciudad.ciudad",
    "pk": 555,
    "fields": {
        "ciudad": "Gachala",
        "departamento": 15
    }
},
{
    "model": "ciudad.ciudad",
    "pk": 556,
    "fields": {
        "ciudad": "Gachancipa",
        "departamento": 15
    }
},
{
    "model": "ciudad.ciudad",
    "pk": 557,
    "fields": {
        "ciudad": "Gacheta",
        "departamento": 15
    }
},
{
    "model": "ciudad.ciudad",
    "pk": 558,
    "fields": {
        "ciudad": "Gama",
        "departamento": 15
    }
},
{
    "model": "ciudad.ciudad",
    "pk": 559,
    "fields": {
        "ciudad": "Girardot",
        "departamento": 15
    }
},
{
    "model": "ciudad.ciudad",
    "pk": 560,
    "fields": {
        "ciudad": "Granada",
        "departamento": 15
    }
},
{
    "model": "ciudad.ciudad",
    "pk": 561,
    "fields": {
        "ciudad": "Guacheta",
        "departamento": 15
    }
},
{
    "model": "ciudad.ciudad",
    "pk": 562,
    "fields": {
        "ciudad": "Guaduas",
        "departamento": 15
    }
},
{
    "model": "ciudad.ciudad",
    "pk": 563,
    "fields": {
        "ciudad": "Guasca",
        "departamento": 15
    }
},
{
    "model": "ciudad.ciudad",
    "pk": 564,
    "fields": {
        "ciudad": "Guataqui",
        "departamento": 15
    }
},
{
    "model": "ciudad.ciudad",
    "pk": 565,
    "fields": {
        "ciudad": "Guatavita",
        "departamento": 15
    }
},
{
    "model": "ciudad.ciudad",
    "pk": 566,
    "fields": {
        "ciudad": "Guayabal De Siquima",
        "departamento": 15
    }
},
{
    "model": "ciudad.ciudad",
    "pk": 567,
    "fields": {
        "ciudad": "Guayabetal",
        "departamento": 15
    }
},
{
    "model": "ciudad.ciudad",
    "pk": 568,
    "fields": {
        "ciudad": "Gutierrez",
        "departamento": 15
    }
},
{
    "model": "ciudad.ciudad",
    "pk": 569,
    "fields": {
        "ciudad": "Jerusalen",
        "departamento": 15
    }
},
{
    "model": "ciudad.ciudad",
    "pk": 570,
    "fields": {
        "ciudad": "Junin",
        "departamento": 15
    }
},
{
    "model": "ciudad.ciudad",
    "pk": 571,
    "fields": {
        "ciudad": "La Calera",
        "departamento": 15
    }
},
{
    "model": "ciudad.ciudad",
    "pk": 572,
    "fields": {
        "ciudad": "La Mesa",
        "departamento": 15
    }
},
{
    "model": "ciudad.ciudad",
    "pk": 573,
    "fields": {
        "ciudad": "La Palma",
        "departamento": 15
    }
},
{
    "model": "ciudad.ciudad",
    "pk": 574,
    "fields": {
        "ciudad": "La Pe\u00f1a",
        "departamento": 15
    }
},
{
    "model": "ciudad.ciudad",
    "pk": 575,
    "fields": {
        "ciudad": "La Vega",
        "departamento": 15
    }
},
{
    "model": "ciudad.ciudad",
    "pk": 576,
    "fields": {
        "ciudad": "Lenguazaque",
        "departamento": 15
    }
},
{
    "model": "ciudad.ciudad",
    "pk": 577,
    "fields": {
        "ciudad": "Macheta",
        "departamento": 15
    }
},
{
    "model": "ciudad.ciudad",
    "pk": 578,
    "fields": {
        "ciudad": "Madrid",
        "departamento": 15
    }
},
{
    "model": "ciudad.ciudad",
    "pk": 579,
    "fields": {
        "ciudad": "Manta",
        "departamento": 15
    }
},
{
    "model": "ciudad.ciudad",
    "pk": 580,
    "fields": {
        "ciudad": "Medina",
        "departamento": 15
    }
},
{
    "model": "ciudad.ciudad",
    "pk": 581,
    "fields": {
        "ciudad": "Mosquera",
        "departamento": 15
    }
},
{
    "model": "ciudad.ciudad",
    "pk": 582,
    "fields": {
        "ciudad": "Nari\u00f1o",
        "departamento": 15
    }
},
{
    "model": "ciudad.ciudad",
    "pk": 583,
    "fields": {
        "ciudad": "Nemocon",
        "departamento": 15
    }
},
{
    "model": "ciudad.ciudad",
    "pk": 584,
    "fields": {
        "ciudad": "Nilo",
        "departamento": 15
    }
},
{
    "model": "ciudad.ciudad",
    "pk": 585,
    "fields": {
        "ciudad": "Nimaima",
        "departamento": 15
    }
},
{
    "model": "ciudad.ciudad",
    "pk": 586,
    "fields": {
        "ciudad": "Nocaima",
        "departamento": 15
    }
},
{
    "model": "ciudad.ciudad",
    "pk": 587,
    "fields": {
        "ciudad": "Venecia",
        "departamento": 15
    }
},
{
    "model": "ciudad.ciudad",
    "pk": 588,
    "fields": {
        "ciudad": "Pacho",
        "departamento": 15
    }
},
{
    "model": "ciudad.ciudad",
    "pk": 589,
    "fields": {
        "ciudad": "Paime",
        "departamento": 15
    }
},
{
    "model": "ciudad.ciudad",
    "pk": 590,
    "fields": {
        "ciudad": "Pandi",
        "departamento": 15
    }
},
{
    "model": "ciudad.ciudad",
    "pk": 591,
    "fields": {
        "ciudad": "Paratebueno",
        "departamento": 15
    }
},
{
    "model": "ciudad.ciudad",
    "pk": 592,
    "fields": {
        "ciudad": "Pasca",
        "departamento": 15
    }
},
{
    "model": "ciudad.ciudad",
    "pk": 593,
    "fields": {
        "ciudad": "Puerto Salgar",
        "departamento": 15
    }
},
{
    "model": "ciudad.ciudad",
    "pk": 594,
    "fields": {
        "ciudad": "Puli",
        "departamento": 15
    }
},
{
    "model": "ciudad.ciudad",
    "pk": 595,
    "fields": {
        "ciudad": "Quebradanegra",
        "departamento": 15
    }
},
{
    "model": "ciudad.ciudad",
    "pk": 596,
    "fields": {
        "ciudad": "Quetame",
        "departamento": 15
    }
},
{
    "model": "ciudad.ciudad",
    "pk": 597,
    "fields": {
        "ciudad": "Quipile",
        "departamento": 15
    }
},
{
    "model": "ciudad.ciudad",
    "pk": 598,
    "fields": {
        "ciudad": "Apulo",
        "departamento": 15
    }
},
{
    "model": "ciudad.ciudad",
    "pk": 599,
    "fields": {
        "ciudad": "Ricaurte",
        "departamento": 15
    }
},
{
    "model": "ciudad.ciudad",
    "pk": 600,
    "fields": {
        "ciudad": "San Antonio Del Tequendama",
        "departamento": 15
    }
},
{
    "model": "ciudad.ciudad",
    "pk": 601,
    "fields": {
        "ciudad": "San Bernardo",
        "departamento": 15
    }
},
{
    "model": "ciudad.ciudad",
    "pk": 602,
    "fields": {
        "ciudad": "San Cayetano",
        "departamento": 15
    }
},
{
    "model": "ciudad.ciudad",
    "pk": 603,
    "fields": {
        "ciudad": "San Francisco",
        "departamento": 15
    }
},
{
    "model": "ciudad.ciudad",
    "pk": 604,
    "fields": {
        "ciudad": "San Juan De Rio Seco",
        "departamento": 15
    }
},
{
    "model": "ciudad.ciudad",
    "pk": 605,
    "fields": {
        "ciudad": "Sasaima",
        "departamento": 15
    }
},
{
    "model": "ciudad.ciudad",
    "pk": 606,
    "fields": {
        "ciudad": "Sesquile",
        "departamento": 15
    }
},
{
    "model": "ciudad.ciudad",
    "pk": 607,
    "fields": {
        "ciudad": "Sibate",
        "departamento": 15
    }
},
{
    "model": "ciudad.ciudad",
    "pk": 608,
    "fields": {
        "ciudad": "Silvania",
        "departamento": 15
    }
},
{
    "model": "ciudad.ciudad",
    "pk": 609,
    "fields": {
        "ciudad": "Simijaca",
        "departamento": 15
    }
},
{
    "model": "ciudad.ciudad",
    "pk": 610,
    "fields": {
        "ciudad": "Soacha",
        "departamento": 15
    }
},
{
    "model": "ciudad.ciudad",
    "pk": 611,
    "fields": {
        "ciudad": "Sopo",
        "departamento": 15
    }
},
{
    "model": "ciudad.ciudad",
    "pk": 612,
    "fields": {
        "ciudad": "Subachoque",
        "departamento": 15
    }
},
{
    "model": "ciudad.ciudad",
    "pk": 613,
    "fields": {
        "ciudad": "Suesca",
        "departamento": 15
    }
},
{
    "model": "ciudad.ciudad",
    "pk": 614,
    "fields": {
        "ciudad": "Supata",
        "departamento": 15
    }
},
{
    "model": "ciudad.ciudad",
    "pk": 615,
    "fields": {
        "ciudad": "Susa",
        "departamento": 15
    }
},
{
    "model": "ciudad.ciudad",
    "pk": 616,
    "fields": {
        "ciudad": "Sutatausa",
        "departamento": 15
    }
},
{
    "model": "ciudad.ciudad",
    "pk": 617,
    "fields": {
        "ciudad": "Tabio",
        "departamento": 15
    }
},
{
    "model": "ciudad.ciudad",
    "pk": 618,
    "fields": {
        "ciudad": "Tausa",
        "departamento": 15
    }
},
{
    "model": "ciudad.ciudad",
    "pk": 619,
    "fields": {
        "ciudad": "Tena",
        "departamento": 15
    }
},
{
    "model": "ciudad.ciudad",
    "pk": 620,
    "fields": {
        "ciudad": "Tenjo",
        "departamento": 15
    }
},
{
    "model": "ciudad.ciudad",
    "pk": 621,
    "fields": {
        "ciudad": "Tibacuy",
        "departamento": 15
    }
},
{
    "model": "ciudad.ciudad",
    "pk": 622,
    "fields": {
        "ciudad": "Tibirita",
        "departamento": 15
    }
},
{
    "model": "ciudad.ciudad",
    "pk": 623,
    "fields": {
        "ciudad": "Tocaima",
        "departamento": 15
    }
},
{
    "model": "ciudad.ciudad",
    "pk": 624,
    "fields": {
        "ciudad": "Tocancipa",
        "departamento": 15
    }
},
{
    "model": "ciudad.ciudad",
    "pk": 625,
    "fields": {
        "ciudad": "Topaipi",
        "departamento": 15
    }
},
{
    "model": "ciudad.ciudad",
    "pk": 626,
    "fields": {
        "ciudad": "Ubala",
        "departamento": 15
    }
},
{
    "model": "ciudad.ciudad",
    "pk": 627,
    "fields": {
        "ciudad": "Ubaque",
        "departamento": 15
    }
},
{
    "model": "ciudad.ciudad",
    "pk": 628,
    "fields": {
        "ciudad": "Villa De San Diego De Ubate",
        "departamento": 15
    }
},
{
    "model": "ciudad.ciudad",
    "pk": 629,
    "fields": {
        "ciudad": "Une",
        "departamento": 15
    }
},
{
    "model": "ciudad.ciudad",
    "pk": 630,
    "fields": {
        "ciudad": "Utica",
        "departamento": 15
    }
},
{
    "model": "ciudad.ciudad",
    "pk": 631,
    "fields": {
        "ciudad": "Vergara",
        "departamento": 15
    }
},
{
    "model": "ciudad.ciudad",
    "pk": 632,
    "fields": {
        "ciudad": "Viani",
        "departamento": 15
    }
},
{
    "model": "ciudad.ciudad",
    "pk": 633,
    "fields": {
        "ciudad": "Villagomez",
        "departamento": 15
    }
},
{
    "model": "ciudad.ciudad",
    "pk": 634,
    "fields": {
        "ciudad": "Villapinzon",
        "departamento": 15
    }
},
{
    "model": "ciudad.ciudad",
    "pk": 635,
    "fields": {
        "ciudad": "Villeta",
        "departamento": 15
    }
},
{
    "model": "ciudad.ciudad",
    "pk": 636,
    "fields": {
        "ciudad": "Viota",
        "departamento": 15
    }
},
{
    "model": "ciudad.ciudad",
    "pk": 637,
    "fields": {
        "ciudad": "Yacopi",
        "departamento": 15
    }
},
{
    "model": "ciudad.ciudad",
    "pk": 638,
    "fields": {
        "ciudad": "Zipacon",
        "departamento": 15
    }
},
{
    "model": "ciudad.ciudad",
    "pk": 639,
    "fields": {
        "ciudad": "Zipaquira",
        "departamento": 15
    }
},
{
    "model": "ciudad.ciudad",
    "pk": 640,
    "fields": {
        "ciudad": "Inirida",
        "departamento": 16
    }
},
{
    "model": "ciudad.ciudad",
    "pk": 641,
    "fields": {
        "ciudad": "Barranco Minas",
        "departamento": 16
    }
},
{
    "model": "ciudad.ciudad",
    "pk": 642,
    "fields": {
        "ciudad": "Mapiripana",
        "departamento": 16
    }
},
{
    "model": "ciudad.ciudad",
    "pk": 643,
    "fields": {
        "ciudad": "San Felipe",
        "departamento": 16
    }
},
{
    "model": "ciudad.ciudad",
    "pk": 644,
    "fields": {
        "ciudad": "Puerto Colombia",
        "departamento": 16
    }
},
{
    "model": "ciudad.ciudad",
    "pk": 645,
    "fields": {
        "ciudad": "La Guadalupe",
        "departamento": 16
    }
},
{
    "model": "ciudad.ciudad",
    "pk": 646,
    "fields": {
        "ciudad": "Cacahual",
        "departamento": 16
    }
},
{
    "model": "ciudad.ciudad",
    "pk": 647,
    "fields": {
        "ciudad": "Pana Pana",
        "departamento": 16
    }
},
{
    "model": "ciudad.ciudad",
    "pk": 648,
    "fields": {
        "ciudad": "Morichal",
        "departamento": 16
    }
},
{
    "model": "ciudad.ciudad",
    "pk": 649,
    "fields": {
        "ciudad": "San Jose Del Guaviare",
        "departamento": 17
    }
},
{
    "model": "ciudad.ciudad",
    "pk": 650,
    "fields": {
        "ciudad": "Calamar",
        "departamento": 17
    }
},
{
    "model": "ciudad.ciudad",
    "pk": 651,
    "fields": {
        "ciudad": "El Retorno",
        "departamento": 17
    }
},
{
    "model": "ciudad.ciudad",
    "pk": 652,
    "fields": {
        "ciudad": "Miraflores",
        "departamento": 17
    }
},
{
    "model": "ciudad.ciudad",
    "pk": 653,
    "fields": {
        "ciudad": "Neiva",
        "departamento": 18
    }
},
{
    "model": "ciudad.ciudad",
    "pk": 654,
    "fields": {
        "ciudad": "Acevedo",
        "departamento": 18
    }
},
{
    "model": "ciudad.ciudad",
    "pk": 655,
    "fields": {
        "ciudad": "Agrado",
        "departamento": 18
    }
},
{
    "model": "ciudad.ciudad",
    "pk": 656,
    "fields": {
        "ciudad": "Aipe",
        "departamento": 18
    }
},
{
    "model": "ciudad.ciudad",
    "pk": 657,
    "fields": {
        "ciudad": "Algeciras",
        "departamento": 18
    }
},
{
    "model": "ciudad.ciudad",
    "pk": 658,
    "fields": {
        "ciudad": "Altamira",
        "departamento": 18
    }
},
{
    "model": "ciudad.ciudad",
    "pk": 659,
    "fields": {
        "ciudad": "Baraya",
        "departamento": 18
    }
},
{
    "model": "ciudad.ciudad",
    "pk": 660,
    "fields": {
        "ciudad": "Campoalegre",
        "departamento": 18
    }
},
{
    "model": "ciudad.ciudad",
    "pk": 661,
    "fields": {
        "ciudad": "Colombia",
        "departamento": 18
    }
},
{
    "model": "ciudad.ciudad",
    "pk": 662,
    "fields": {
        "ciudad": "Elias",
        "departamento": 18
    }
},
{
    "model": "ciudad.ciudad",
    "pk": 663,
    "fields": {
        "ciudad": "Garzon",
        "departamento": 18
    }
},
{
    "model": "ciudad.ciudad",
    "pk": 664,
    "fields": {
        "ciudad": "Gigante",
        "departamento": 18
    }
},
{
    "model": "ciudad.ciudad",
    "pk": 665,
    "fields": {
        "ciudad": "Guadalupe",
        "departamento": 18
    }
},
{
    "model": "ciudad.ciudad",
    "pk": 666,
    "fields": {
        "ciudad": "Hobo",
        "departamento": 18
    }
},
{
    "model": "ciudad.ciudad",
    "pk": 667,
    "fields": {
        "ciudad": "Iquira",
        "departamento": 18
    }
},
{
    "model": "ciudad.ciudad",
    "pk": 668,
    "fields": {
        "ciudad": "Isnos",
        "departamento": 18
    }
},
{
    "model": "ciudad.ciudad",
    "pk": 669,
    "fields": {
        "ciudad": "La Argentina",
        "departamento": 18
    }
},
{
    "model": "ciudad.ciudad",
    "pk": 670,
    "fields": {
        "ciudad": "La Plata",
        "departamento": 18
    }
},
{
    "model": "ciudad.ciudad",
    "pk": 671,
    "fields": {
        "ciudad": "Nataga",
        "departamento": 18
    }
},
{
    "model": "ciudad.ciudad",
    "pk": 672,
    "fields": {
        "ciudad": "Oporapa",
        "departamento": 18
    }
},
{
    "model": "ciudad.ciudad",
    "pk": 673,
    "fields": {
        "ciudad": "Paicol",
        "departamento": 18
    }
},
{
    "model": "ciudad.ciudad",
    "pk": 674,
    "fields": {
        "ciudad": "Palermo",
        "departamento": 18
    }
},
{
    "model": "ciudad.ciudad",
    "pk": 675,
    "fields": {
        "ciudad": "Palestina",
        "departamento": 18
    }
},
{
    "model": "ciudad.ciudad",
    "pk": 676,
    "fields": {
        "ciudad": "Pital",
        "departamento": 18
    }
},
{
    "model": "ciudad.ciudad",
    "pk": 677,
    "fields": {
        "ciudad": "Pitalito",
        "departamento": 18
    }
},
{
    "model": "ciudad.ciudad",
    "pk": 678,
    "fields": {
        "ciudad": "Rivera",
        "departamento": 18
    }
},
{
    "model": "ciudad.ciudad",
    "pk": 679,
    "fields": {
        "ciudad": "Saladoblanco",
        "departamento": 18
    }
},
{
    "model": "ciudad.ciudad",
    "pk": 680,
    "fields": {
        "ciudad": "San Agustin",
        "departamento": 18
    }
},
{
    "model": "ciudad.ciudad",
    "pk": 681,
    "fields": {
        "ciudad": "Santa Maria",
        "departamento": 18
    }
},
{
    "model": "ciudad.ciudad",
    "pk": 682,
    "fields": {
        "ciudad": "Suaza",
        "departamento": 18
    }
},
{
    "model": "ciudad.ciudad",
    "pk": 683,
    "fields": {
        "ciudad": "Tarqui",
        "departamento": 18
    }
},
{
    "model": "ciudad.ciudad",
    "pk": 684,
    "fields": {
        "ciudad": "Tesalia",
        "departamento": 18
    }
},
{
    "model": "ciudad.ciudad",
    "pk": 685,
    "fields": {
        "ciudad": "Tello",
        "departamento": 18
    }
},
{
    "model": "ciudad.ciudad",
    "pk": 686,
    "fields": {
        "ciudad": "Teruel",
        "departamento": 18
    }
},
{
    "model": "ciudad.ciudad",
    "pk": 687,
    "fields": {
        "ciudad": "Timana",
        "departamento": 18
    }
},
{
    "model": "ciudad.ciudad",
    "pk": 688,
    "fields": {
        "ciudad": "Villavieja",
        "departamento": 18
    }
},
{
    "model": "ciudad.ciudad",
    "pk": 689,
    "fields": {
        "ciudad": "Yaguara",
        "departamento": 18
    }
},
{
    "model": "ciudad.ciudad",
    "pk": 690,
    "fields": {
        "ciudad": "Riohacha",
        "departamento": 19
    }
},
{
    "model": "ciudad.ciudad",
    "pk": 691,
    "fields": {
        "ciudad": "Albania",
        "departamento": 19
    }
},
{
    "model": "ciudad.ciudad",
    "pk": 692,
    "fields": {
        "ciudad": "Barrancas",
        "departamento": 19
    }
},
{
    "model": "ciudad.ciudad",
    "pk": 693,
    "fields": {
        "ciudad": "Dibulla",
        "departamento": 19
    }
},
{
    "model": "ciudad.ciudad",
    "pk": 694,
    "fields": {
        "ciudad": "Distraccion",
        "departamento": 19
    }
},
{
    "model": "ciudad.ciudad",
    "pk": 695,
    "fields": {
        "ciudad": "El Molino",
        "departamento": 19
    }
},
{
    "model": "ciudad.ciudad",
    "pk": 696,
    "fields": {
        "ciudad": "Fonseca",
        "departamento": 19
    }
},
{
    "model": "ciudad.ciudad",
    "pk": 697,
    "fields": {
        "ciudad": "Hatonuevo",
        "departamento": 19
    }
},
{
    "model": "ciudad.ciudad",
    "pk": 698,
    "fields": {
        "ciudad": "La Jagua Del Pilar",
        "departamento": 19
    }
},
{
    "model": "ciudad.ciudad",
    "pk": 699,
    "fields": {
        "ciudad": "Maicao",
        "departamento": 19
    }
},
{
    "model": "ciudad.ciudad",
    "pk": 700,
    "fields": {
        "ciudad": "Manaure",
        "departamento": 19
    }
},
{
    "model": "ciudad.ciudad",
    "pk": 701,
    "fields": {
        "ciudad": "San Juan Del Cesar",
        "departamento": 19
    }
},
{
    "model": "ciudad.ciudad",
    "pk": 702,
    "fields": {
        "ciudad": "Uribia",
        "departamento": 19
    }
},
{
    "model": "ciudad.ciudad",
    "pk": 703,
    "fields": {
        "ciudad": "Urumita",
        "departamento": 19
    }
},
{
    "model": "ciudad.ciudad",
    "pk": 704,
    "fields": {
        "ciudad": "Villanueva",
        "departamento": 19
    }
},
{
    "model": "ciudad.ciudad",
    "pk": 705,
    "fields": {
        "ciudad": "Santa Marta",
        "departamento": 20
    }
},
{
    "model": "ciudad.ciudad",
    "pk": 706,
    "fields": {
        "ciudad": "Algarrobo",
        "departamento": 20
    }
},
{
    "model": "ciudad.ciudad",
    "pk": 707,
    "fields": {
        "ciudad": "Aracataca",
        "departamento": 20
    }
},
{
    "model": "ciudad.ciudad",
    "pk": 708,
    "fields": {
        "ciudad": "Ariguani",
        "departamento": 20
    }
},
{
    "model": "ciudad.ciudad",
    "pk": 709,
    "fields": {
        "ciudad": "Cerro San Antonio",
        "departamento": 20
    }
},
{
    "model": "ciudad.ciudad",
    "pk": 710,
    "fields": {
        "ciudad": "Chibolo",
        "departamento": 20
    }
},
{
    "model": "ciudad.ciudad",
    "pk": 711,
    "fields": {
        "ciudad": "Cienaga",
        "departamento": 20
    }
},
{
    "model": "ciudad.ciudad",
    "pk": 712,
    "fields": {
        "ciudad": "Concordia",
        "departamento": 20
    }
},
{
    "model": "ciudad.ciudad",
    "pk": 713,
    "fields": {
        "ciudad": "El Banco",
        "departamento": 20
    }
},
{
    "model": "ciudad.ciudad",
    "pk": 714,
    "fields": {
        "ciudad": "El Pi\u00f1on",
        "departamento": 20
    }
},
{
    "model": "ciudad.ciudad",
    "pk": 715,
    "fields": {
        "ciudad": "El Reten",
        "departamento": 20
    }
},
{
    "model": "ciudad.ciudad",
    "pk": 716,
    "fields": {
        "ciudad": "Fundacion",
        "departamento": 20
    }
},
{
    "model": "ciudad.ciudad",
    "pk": 717,
    "fields": {
        "ciudad": "Guamal",
        "departamento": 20
    }
},
{
    "model": "ciudad.ciudad",
    "pk": 718,
    "fields": {
        "ciudad": "Nueva Granada",
        "departamento": 20
    }
},
{
    "model": "ciudad.ciudad",
    "pk": 719,
    "fields": {
        "ciudad": "Pedraza",
        "departamento": 20
    }
},
{
    "model": "ciudad.ciudad",
    "pk": 720,
    "fields": {
        "ciudad": "Piji\u00f1o Del Carmen",
        "departamento": 20
    }
},
{
    "model": "ciudad.ciudad",
    "pk": 721,
    "fields": {
        "ciudad": "Pivijay",
        "departamento": 20
    }
},
{
    "model": "ciudad.ciudad",
    "pk": 722,
    "fields": {
        "ciudad": "Plato",
        "departamento": 20
    }
},
{
    "model": "ciudad.ciudad",
    "pk": 723,
    "fields": {
        "ciudad": "Puebloviejo",
        "departamento": 20
    }
},
{
    "model": "ciudad.ciudad",
    "pk": 724,
    "fields": {
        "ciudad": "Remolino",
        "departamento": 20
    }
},
{
    "model": "ciudad.ciudad",
    "pk": 725,
    "fields": {
        "ciudad": "Sabanas De San Angel",
        "departamento": 20
    }
},
{
    "model": "ciudad.ciudad",
    "pk": 726,
    "fields": {
        "ciudad": "Salamina",
        "departamento": 20
    }
},
{
    "model": "ciudad.ciudad",
    "pk": 727,
    "fields": {
        "ciudad": "San Sebastian De Buenavista",
        "departamento": 20
    }
},
{
    "model": "ciudad.ciudad",
    "pk": 728,
    "fields": {
        "ciudad": "San Zenon",
        "departamento": 20
    }
},
{
    "model": "ciudad.ciudad",
    "pk": 729,
    "fields": {
        "ciudad": "Santa Ana",
        "departamento": 20
    }
},
{
    "model": "ciudad.ciudad",
    "pk": 730,
    "fields": {
        "ciudad": "Santa Barbara De Pinto",
        "departamento": 20
    }
},
{
    "model": "ciudad.ciudad",
    "pk": 731,
    "fields": {
        "ciudad": "Sitionuevo",
        "departamento": 20
    }
},
{
    "model": "ciudad.ciudad",
    "pk": 732,
    "fields": {
        "ciudad": "Tenerife",
        "departamento": 20
    }
},
{
    "model": "ciudad.ciudad",
    "pk": 733,
    "fields": {
        "ciudad": "Zapayan",
        "departamento": 20
    }
},
{
    "model": "ciudad.ciudad",
    "pk": 734,
    "fields": {
        "ciudad": "Zona Bananera",
        "departamento": 20
    }
},
{
    "model": "ciudad.ciudad",
    "pk": 735,
    "fields": {
        "ciudad": "Villavicencio",
        "departamento": 21
    }
},
{
    "model": "ciudad.ciudad",
    "pk": 736,
    "fields": {
        "ciudad": "Acacias",
        "departamento": 21
    }
},
{
    "model": "ciudad.ciudad",
    "pk": 737,
    "fields": {
        "ciudad": "Barranca De Upia",
        "departamento": 21
    }
},
{
    "model": "ciudad.ciudad",
    "pk": 738,
    "fields": {
        "ciudad": "Cabuyaro",
        "departamento": 21
    }
},
{
    "model": "ciudad.ciudad",
    "pk": 739,
    "fields": {
        "ciudad": "Castilla La Nueva",
        "departamento": 21
    }
},
{
    "model": "ciudad.ciudad",
    "pk": 740,
    "fields": {
        "ciudad": "Cubarral",
        "departamento": 21
    }
},
{
    "model": "ciudad.ciudad",
    "pk": 741,
    "fields": {
        "ciudad": "Cumaral",
        "departamento": 21
    }
},
{
    "model": "ciudad.ciudad",
    "pk": 742,
    "fields": {
        "ciudad": "El Calvario",
        "departamento": 21
    }
},
{
    "model": "ciudad.ciudad",
    "pk": 743,
    "fields": {
        "ciudad": "El Castillo",
        "departamento": 21
    }
},
{
    "model": "ciudad.ciudad",
    "pk": 744,
    "fields": {
        "ciudad": "El Dorado",
        "departamento": 21
    }
},
{
    "model": "ciudad.ciudad",
    "pk": 745,
    "fields": {
        "ciudad": "Fuente De Oro",
        "departamento": 21
    }
},
{
    "model": "ciudad.ciudad",
    "pk": 746,
    "fields": {
        "ciudad": "Granada",
        "departamento": 21
    }
},
{
    "model": "ciudad.ciudad",
    "pk": 747,
    "fields": {
        "ciudad": "Guamal",
        "departamento": 21
    }
},
{
    "model": "ciudad.ciudad",
    "pk": 748,
    "fields": {
        "ciudad": "Mapiripan",
        "departamento": 21
    }
},
{
    "model": "ciudad.ciudad",
    "pk": 749,
    "fields": {
        "ciudad": "Mesetas",
        "departamento": 21
    }
},
{
    "model": "ciudad.ciudad",
    "pk": 750,
    "fields": {
        "ciudad": "La Macarena",
        "departamento": 21
    }
},
{
    "model": "ciudad.ciudad",
    "pk": 751,
    "fields": {
        "ciudad": "Uribe",
        "departamento": 21
    }
},
{
    "model": "ciudad.ciudad",
    "pk": 752,
    "fields": {
        "ciudad": "Lejanias",
        "departamento": 21
    }
},
{
    "model": "ciudad.ciudad",
    "pk": 753,
    "fields": {
        "ciudad": "Puerto Concordia",
        "departamento": 21
    }
},
{
    "model": "ciudad.ciudad",
    "pk": 754,
    "fields": {
        "ciudad": "Puerto Gaitan",
        "departamento": 21
    }
},
{
    "model": "ciudad.ciudad",
    "pk": 755,
    "fields": {
        "ciudad": "Puerto Lopez",
        "departamento": 21
    }
},
{
    "model": "ciudad.ciudad",
    "pk": 756,
    "fields": {
        "ciudad": "Puerto Lleras",
        "departamento": 21
    }
},
{
    "model": "ciudad.ciudad",
    "pk": 757,
    "fields": {
        "ciudad": "Puerto Rico",
        "departamento": 21
    }
},
{
    "model": "ciudad.ciudad",
    "pk": 758,
    "fields": {
        "ciudad": "Restrepo",
        "departamento": 21
    }
},
{
    "model": "ciudad.ciudad",
    "pk": 759,
    "fields": {
        "ciudad": "San Carlos De Guaroa",
        "departamento": 21
    }
},
{
    "model": "ciudad.ciudad",
    "pk": 760,
    "fields": {
        "ciudad": "San Juan De Arama",
        "departamento": 21
    }
},
{
    "model": "ciudad.ciudad",
    "pk": 761,
    "fields": {
        "ciudad": "San Juanito",
        "departamento": 21
    }
},
{
    "model": "ciudad.ciudad",
    "pk": 762,
    "fields": {
        "ciudad": "San Martin",
        "departamento": 21
    }
},
{
    "model": "ciudad.ciudad",
    "pk": 763,
    "fields": {
        "ciudad": "Vistahermosa",
        "departamento": 21
    }
},
{
    "model": "ciudad.ciudad",
    "pk": 764,
    "fields": {
        "ciudad": "Cucuta",
        "departamento": 22
    }
},
{
    "model": "ciudad.ciudad",
    "pk": 765,
    "fields": {
        "ciudad": "Abrego",
        "departamento": 22
    }
},
{
    "model": "ciudad.ciudad",
    "pk": 766,
    "fields": {
        "ciudad": "Arboledas",
        "departamento": 22
    }
},
{
    "model": "ciudad.ciudad",
    "pk": 767,
    "fields": {
        "ciudad": "Bochalema",
        "departamento": 22
    }
},
{
    "model": "ciudad.ciudad",
    "pk": 768,
    "fields": {
        "ciudad": "Bucarasica",
        "departamento": 22
    }
},
{
    "model": "ciudad.ciudad",
    "pk": 769,
    "fields": {
        "ciudad": "Cacota",
        "departamento": 22
    }
},
{
    "model": "ciudad.ciudad",
    "pk": 770,
    "fields": {
        "ciudad": "Cachira",
        "departamento": 22
    }
},
{
    "model": "ciudad.ciudad",
    "pk": 771,
    "fields": {
        "ciudad": "Chinacota",
        "departamento": 22
    }
},
{
    "model": "ciudad.ciudad",
    "pk": 772,
    "fields": {
        "ciudad": "Chitaga",
        "departamento": 22
    }
},
{
    "model": "ciudad.ciudad",
    "pk": 773,
    "fields": {
        "ciudad": "Convencion",
        "departamento": 22
    }
},
{
    "model": "ciudad.ciudad",
    "pk": 774,
    "fields": {
        "ciudad": "Cucutilla",
        "departamento": 22
    }
},
{
    "model": "ciudad.ciudad",
    "pk": 775,
    "fields": {
        "ciudad": "Durania",
        "departamento": 22
    }
},
{
    "model": "ciudad.ciudad",
    "pk": 776,
    "fields": {
        "ciudad": "El Carmen",
        "departamento": 22
    }
},
{
    "model": "ciudad.ciudad",
    "pk": 777,
    "fields": {
        "ciudad": "El Tarra",
        "departamento": 22
    }
},
{
    "model": "ciudad.ciudad",
    "pk": 778,
    "fields": {
        "ciudad": "El Zulia",
        "departamento": 22
    }
},
{
    "model": "ciudad.ciudad",
    "pk": 779,
    "fields": {
        "ciudad": "Gramalote",
        "departamento": 22
    }
},
{
    "model": "ciudad.ciudad",
    "pk": 780,
    "fields": {
        "ciudad": "Hacari",
        "departamento": 22
    }
},
{
    "model": "ciudad.ciudad",
    "pk": 781,
    "fields": {
        "ciudad": "Herran",
        "departamento": 22
    }
},
{
    "model": "ciudad.ciudad",
    "pk": 782,
    "fields": {
        "ciudad": "Labateca",
        "departamento": 22
    }
},
{
    "model": "ciudad.ciudad",
    "pk": 783,
    "fields": {
        "ciudad": "La Esperanza",
        "departamento": 22
    }
},
{
    "model": "ciudad.ciudad",
    "pk": 784,
    "fields": {
        "ciudad": "La Playa",
        "departamento": 22
    }
},
{
    "model": "ciudad.ciudad",
    "pk": 785,
    "fields": {
        "ciudad": "Los Patios",
        "departamento": 22
    }
},
{
    "model": "ciudad.ciudad",
    "pk": 786,
    "fields": {
        "ciudad": "Lourdes",
        "departamento": 22
    }
},
{
    "model": "ciudad.ciudad",
    "pk": 787,
    "fields": {
        "ciudad": "Mutiscua",
        "departamento": 22
    }
},
{
    "model": "ciudad.ciudad",
    "pk": 788,
    "fields": {
        "ciudad": "Oca\u00f1a",
        "departamento": 22
    }
},
{
    "model": "ciudad.ciudad",
    "pk": 789,
    "fields": {
        "ciudad": "Pamplona",
        "departamento": 22
    }
},
{
    "model": "ciudad.ciudad",
    "pk": 790,
    "fields": {
        "ciudad": "Pamplonita",
        "departamento": 22
    }
},
{
    "model": "ciudad.ciudad",
    "pk": 791,
    "fields": {
        "ciudad": "Puerto Santander",
        "departamento": 22
    }
},
{
    "model": "ciudad.ciudad",
    "pk": 792,
    "fields": {
        "ciudad": "Ragonvalia",
        "departamento": 22
    }
},
{
    "model": "ciudad.ciudad",
    "pk": 793,
    "fields": {
        "ciudad": "Salazar",
        "departamento": 22
    }
},
{
    "model": "ciudad.ciudad",
    "pk": 794,
    "fields": {
        "ciudad": "San Calixto",
        "departamento": 22
    }
},
{
    "model": "ciudad.ciudad",
    "pk": 795,
    "fields": {
        "ciudad": "San Cayetano",
        "departamento": 22
    }
},
{
    "model": "ciudad.ciudad",
    "pk": 796,
    "fields": {
        "ciudad": "Santiago",
        "departamento": 22
    }
},
{
    "model": "ciudad.ciudad",
    "pk": 797,
    "fields": {
        "ciudad": "Sardinata",
        "departamento": 22
    }
},
{
    "model": "ciudad.ciudad",
    "pk": 798,
    "fields": {
        "ciudad": "Silos",
        "departamento": 22
    }
},
{
    "model": "ciudad.ciudad",
    "pk": 799,
    "fields": {
        "ciudad": "Teorama",
        "departamento": 22
    }
},
{
    "model": "ciudad.ciudad",
    "pk": 800,
    "fields": {
        "ciudad": "Tibu",
        "departamento": 22
    }
},
{
    "model": "ciudad.ciudad",
    "pk": 801,
    "fields": {
        "ciudad": "Toledo",
        "departamento": 22
    }
},
{
    "model": "ciudad.ciudad",
    "pk": 802,
    "fields": {
        "ciudad": "Villa Caro",
        "departamento": 22
    }
},
{
    "model": "ciudad.ciudad",
    "pk": 803,
    "fields": {
        "ciudad": "Villa Del Rosario",
        "departamento": 22
    }
},
{
    "model": "ciudad.ciudad",
    "pk": 804,
    "fields": {
        "ciudad": "Pasto",
        "departamento": 23
    }
},
{
    "model": "ciudad.ciudad",
    "pk": 805,
    "fields": {
        "ciudad": "Alban",
        "departamento": 23
    }
},
{
    "model": "ciudad.ciudad",
    "pk": 806,
    "fields": {
        "ciudad": "Aldana",
        "departamento": 23
    }
},
{
    "model": "ciudad.ciudad",
    "pk": 807,
    "fields": {
        "ciudad": "Ancuya",
        "departamento": 23
    }
},
{
    "model": "ciudad.ciudad",
    "pk": 808,
    "fields": {
        "ciudad": "Arboleda",
        "departamento": 23
    }
},
{
    "model": "ciudad.ciudad",
    "pk": 809,
    "fields": {
        "ciudad": "Barbacoas",
        "departamento": 23
    }
},
{
    "model": "ciudad.ciudad",
    "pk": 810,
    "fields": {
        "ciudad": "Belen",
        "departamento": 23
    }
},
{
    "model": "ciudad.ciudad",
    "pk": 811,
    "fields": {
        "ciudad": "Buesaco",
        "departamento": 23
    }
},
{
    "model": "ciudad.ciudad",
    "pk": 812,
    "fields": {
        "ciudad": "Colon",
        "departamento": 23
    }
},
{
    "model": "ciudad.ciudad",
    "pk": 813,
    "fields": {
        "ciudad": "Consaca",
        "departamento": 23
    }
},
{
    "model": "ciudad.ciudad",
    "pk": 814,
    "fields": {
        "ciudad": "Contadero",
        "departamento": 23
    }
},
{
    "model": "ciudad.ciudad",
    "pk": 815,
    "fields": {
        "ciudad": "Cordoba",
        "departamento": 23
    }
},
{
    "model": "ciudad.ciudad",
    "pk": 816,
    "fields": {
        "ciudad": "Cuaspud",
        "departamento": 23
    }
},
{
    "model": "ciudad.ciudad",
    "pk": 817,
    "fields": {
        "ciudad": "Cumbal",
        "departamento": 23
    }
},
{
    "model": "ciudad.ciudad",
    "pk": 818,
    "fields": {
        "ciudad": "Cumbitara",
        "departamento": 23
    }
},
{
    "model": "ciudad.ciudad",
    "pk": 819,
    "fields": {
        "ciudad": "Chachagsi",
        "departamento": 23
    }
},
{
    "model": "ciudad.ciudad",
    "pk": 820,
    "fields": {
        "ciudad": "El Charco",
        "departamento": 23
    }
},
{
    "model": "ciudad.ciudad",
    "pk": 821,
    "fields": {
        "ciudad": "El Pe\u00f1ol",
        "departamento": 23
    }
},
{
    "model": "ciudad.ciudad",
    "pk": 822,
    "fields": {
        "ciudad": "El Rosario",
        "departamento": 23
    }
},
{
    "model": "ciudad.ciudad",
    "pk": 823,
    "fields": {
        "ciudad": "El Tablon De Gomez",
        "departamento": 23
    }
},
{
    "model": "ciudad.ciudad",
    "pk": 824,
    "fields": {
        "ciudad": "El Tambo",
        "departamento": 23
    }
},
{
    "model": "ciudad.ciudad",
    "pk": 825,
    "fields": {
        "ciudad": "Funes",
        "departamento": 23
    }
},
{
    "model": "ciudad.ciudad",
    "pk": 826,
    "fields": {
        "ciudad": "Guachucal",
        "departamento": 23
    }
},
{
    "model": "ciudad.ciudad",
    "pk": 827,
    "fields": {
        "ciudad": "Guaitarilla",
        "departamento": 23
    }
},
{
    "model": "ciudad.ciudad",
    "pk": 828,
    "fields": {
        "ciudad": "Gualmatan",
        "departamento": 23
    }
},
{
    "model": "ciudad.ciudad",
    "pk": 829,
    "fields": {
        "ciudad": "Iles",
        "departamento": 23
    }
},
{
    "model": "ciudad.ciudad",
    "pk": 830,
    "fields": {
        "ciudad": "Imues",
        "departamento": 23
    }
},
{
    "model": "ciudad.ciudad",
    "pk": 831,
    "fields": {
        "ciudad": "Ipiales",
        "departamento": 23
    }
},
{
    "model": "ciudad.ciudad",
    "pk": 832,
    "fields": {
        "ciudad": "La Cruz",
        "departamento": 23
    }
},
{
    "model": "ciudad.ciudad",
    "pk": 833,
    "fields": {
        "ciudad": "La Florida",
        "departamento": 23
    }
},
{
    "model": "ciudad.ciudad",
    "pk": 834,
    "fields": {
        "ciudad": "La Llanada",
        "departamento": 23
    }
},
{
    "model": "ciudad.ciudad",
    "pk": 835,
    "fields": {
        "ciudad": "La Tola",
        "departamento": 23
    }
},
{
    "model": "ciudad.ciudad",
    "pk": 836,
    "fields": {
        "ciudad": "La Union",
        "departamento": 23
    }
},
{
    "model": "ciudad.ciudad",
    "pk": 837,
    "fields": {
        "ciudad": "Leiva",
        "departamento": 23
    }
},
{
    "model": "ciudad.ciudad",
    "pk": 838,
    "fields": {
        "ciudad": "Linares",
        "departamento": 23
    }
},
{
    "model": "ciudad.ciudad",
    "pk": 839,
    "fields": {
        "ciudad": "Los Andes",
        "departamento": 23
    }
},
{
    "model": "ciudad.ciudad",
    "pk": 840,
    "fields": {
        "ciudad": "Magsi",
        "departamento": 23
    }
},
{
    "model": "ciudad.ciudad",
    "pk": 841,
    "fields": {
        "ciudad": "Mallama",
        "departamento": 23
    }
},
{
    "model": "ciudad.ciudad",
    "pk": 842,
    "fields": {
        "ciudad": "Mosquera",
        "departamento": 23
    }
},
{
    "model": "ciudad.ciudad",
    "pk": 843,
    "fields": {
        "ciudad": "Nari\u00f1o",
        "departamento": 23
    }
},
{
    "model": "ciudad.ciudad",
    "pk": 844,
    "fields": {
        "ciudad": "Olaya Herrera",
        "departamento": 23
    }
},
{
    "model": "ciudad.ciudad",
    "pk": 845,
    "fields": {
        "ciudad": "Ospina",
        "departamento": 23
    }
},
{
    "model": "ciudad.ciudad",
    "pk": 846,
    "fields": {
        "ciudad": "Francisco Pizarro",
        "departamento": 23
    }
},
{
    "model": "ciudad.ciudad",
    "pk": 847,
    "fields": {
        "ciudad": "Policarpa",
        "departamento": 23
    }
},
{
    "model": "ciudad.ciudad",
    "pk": 848,
    "fields": {
        "ciudad": "Potosi",
        "departamento": 23
    }
},
{
    "model": "ciudad.ciudad",
    "pk": 849,
    "fields": {
        "ciudad": "Providencia",
        "departamento": 23
    }
},
{
    "model": "ciudad.ciudad",
    "pk": 850,
    "fields": {
        "ciudad": "Puerres",
        "departamento": 23
    }
},
{
    "model": "ciudad.ciudad",
    "pk": 851,
    "fields": {
        "ciudad": "Pupiales",
        "departamento": 23
    }
},
{
    "model": "ciudad.ciudad",
    "pk": 852,
    "fields": {
        "ciudad": "Ricaurte",
        "departamento": 23
    }
},
{
    "model": "ciudad.ciudad",
    "pk": 853,
    "fields": {
        "ciudad": "Roberto Payan",
        "departamento": 23
    }
},
{
    "model": "ciudad.ciudad",
    "pk": 854,
    "fields": {
        "ciudad": "Samaniego",
        "departamento": 23
    }
},
{
    "model": "ciudad.ciudad",
    "pk": 855,
    "fields": {
        "ciudad": "Sandona",
        "departamento": 23
    }
},
{
    "model": "ciudad.ciudad",
    "pk": 856,
    "fields": {
        "ciudad": "San Bernardo",
        "departamento": 23
    }
},
{
    "model": "ciudad.ciudad",
    "pk": 857,
    "fields": {
        "ciudad": "San Lorenzo",
        "departamento": 23
    }
},
{
    "model": "ciudad.ciudad",
    "pk": 858,
    "fields": {
        "ciudad": "San Pablo",
        "departamento": 23
    }
},
{
    "model": "ciudad.ciudad",
    "pk": 859,
    "fields": {
        "ciudad": "San Pedro De Cartago",
        "departamento": 23
    }
},
{
    "model": "ciudad.ciudad",
    "pk": 860,
    "fields": {
        "ciudad": "Santa Barbara",
        "departamento": 23
    }
},
{
    "model": "ciudad.ciudad",
    "pk": 861,
    "fields": {
        "ciudad": "Santacruz",
        "departamento": 23
    }
},
{
    "model": "ciudad.ciudad",
    "pk": 862,
    "fields": {
        "ciudad": "Sapuyes",
        "departamento": 23
    }
},
{
    "model": "ciudad.ciudad",
    "pk": 863,
    "fields": {
        "ciudad": "Taminango",
        "departamento": 23
    }
},
{
    "model": "ciudad.ciudad",
    "pk": 864,
    "fields": {
        "ciudad": "Tangua",
        "departamento": 23
    }
},
{
    "model": "ciudad.ciudad",
    "pk": 865,
    "fields": {
        "ciudad": "San Andres De Tumaco",
        "departamento": 23
    }
},
{
    "model": "ciudad.ciudad",
    "pk": 866,
    "fields": {
        "ciudad": "Tuquerres",
        "departamento": 23
    }
},
{
    "model": "ciudad.ciudad",
    "pk": 867,
    "fields": {
        "ciudad": "Yacuanquer",
        "departamento": 23
    }
},
{
    "model": "ciudad.ciudad",
    "pk": 868,
    "fields": {
        "ciudad": "Mocoa",
        "departamento": 24
    }
},
{
    "model": "ciudad.ciudad",
    "pk": 869,
    "fields": {
        "ciudad": "Colon",
        "departamento": 24
    }
},
{
    "model": "ciudad.ciudad",
    "pk": 870,
    "fields": {
        "ciudad": "Orito",
        "departamento": 24
    }
},
{
    "model": "ciudad.ciudad",
    "pk": 871,
    "fields": {
        "ciudad": "Puerto Asis",
        "departamento": 24
    }
},
{
    "model": "ciudad.ciudad",
    "pk": 872,
    "fields": {
        "ciudad": "Puerto Caicedo",
        "departamento": 24
    }
},
{
    "model": "ciudad.ciudad",
    "pk": 873,
    "fields": {
        "ciudad": "Puerto Guzman",
        "departamento": 24
    }
},
{
    "model": "ciudad.ciudad",
    "pk": 874,
    "fields": {
        "ciudad": "Leguizamo",
        "departamento": 24
    }
},
{
    "model": "ciudad.ciudad",
    "pk": 875,
    "fields": {
        "ciudad": "Sibundoy",
        "departamento": 24
    }
},
{
    "model": "ciudad.ciudad",
    "pk": 876,
    "fields": {
        "ciudad": "San Francisco",
        "departamento": 24
    }
},
{
    "model": "ciudad.ciudad",
    "pk": 877,
    "fields": {
        "ciudad": "San Miguel",
        "departamento": 24
    }
},
{
    "model": "ciudad.ciudad",
    "pk": 878,
    "fields": {
        "ciudad": "Santiago",
        "departamento": 24
    }
},
{
    "model": "ciudad.ciudad",
    "pk": 879,
    "fields": {
        "ciudad": "Valle Del Guamuez",
        "departamento": 24
    }
},
{
    "model": "ciudad.ciudad",
    "pk": 880,
    "fields": {
        "ciudad": "Villagarzon",
        "departamento": 24
    }
},
{
    "model": "ciudad.ciudad",
    "pk": 881,
    "fields": {
        "ciudad": "Armenia",
        "departamento": 25
    }
},
{
    "model": "ciudad.ciudad",
    "pk": 882,
    "fields": {
        "ciudad": "Buenavista",
        "departamento": 25
    }
},
{
    "model": "ciudad.ciudad",
    "pk": 883,
    "fields": {
        "ciudad": "Calarca",
        "departamento": 25
    }
},
{
    "model": "ciudad.ciudad",
    "pk": 884,
    "fields": {
        "ciudad": "Circasia",
        "departamento": 25
    }
},
{
    "model": "ciudad.ciudad",
    "pk": 885,
    "fields": {
        "ciudad": "Cordoba",
        "departamento": 25
    }
},
{
    "model": "ciudad.ciudad",
    "pk": 886,
    "fields": {
        "ciudad": "Filandia",
        "departamento": 25
    }
},
{
    "model": "ciudad.ciudad",
    "pk": 887,
    "fields": {
        "ciudad": "Genova",
        "departamento": 25
    }
},
{
    "model": "ciudad.ciudad",
    "pk": 888,
    "fields": {
        "ciudad": "La Tebaida",
        "departamento": 25
    }
},
{
    "model": "ciudad.ciudad",
    "pk": 889,
    "fields": {
        "ciudad": "Montenegro",
        "departamento": 25
    }
},
{
    "model": "ciudad.ciudad",
    "pk": 890,
    "fields": {
        "ciudad": "Pijao",
        "departamento": 25
    }
},
{
    "model": "ciudad.ciudad",
    "pk": 891,
    "fields": {
        "ciudad": "Quimbaya",
        "departamento": 25
    }
},
{
    "model": "ciudad.ciudad",
    "pk": 892,
    "fields": {
        "ciudad": "Salento",
        "departamento": 25
    }
},
{
    "model": "ciudad.ciudad",
    "pk": 893,
    "fields": {
        "ciudad": "Pereira",
        "departamento": 26
    }
},
{
    "model": "ciudad.ciudad",
    "pk": 894,
    "fields": {
        "ciudad": "Apia",
        "departamento": 26
    }
},
{
    "model": "ciudad.ciudad",
    "pk": 895,
    "fields": {
        "ciudad": "Balboa",
        "departamento": 26
    }
},
{
    "model": "ciudad.ciudad",
    "pk": 896,
    "fields": {
        "ciudad": "Belen De Umbria",
        "departamento": 26
    }
},
{
    "model": "ciudad.ciudad",
    "pk": 897,
    "fields": {
        "ciudad": "Dosquebradas",
        "departamento": 26
    }
},
{
    "model": "ciudad.ciudad",
    "pk": 898,
    "fields": {
        "ciudad": "Guatica",
        "departamento": 26
    }
},
{
    "model": "ciudad.ciudad",
    "pk": 899,
    "fields": {
        "ciudad": "La Celia",
        "departamento": 26
    }
},
{
    "model": "ciudad.ciudad",
    "pk": 900,
    "fields": {
        "ciudad": "La Virginia",
        "departamento": 26
    }
},
{
    "model": "ciudad.ciudad",
    "pk": 901,
    "fields": {
        "ciudad": "Marsella",
        "departamento": 26
    }
},
{
    "model": "ciudad.ciudad",
    "pk": 902,
    "fields": {
        "ciudad": "Mistrato",
        "departamento": 26
    }
},
{
    "model": "ciudad.ciudad",
    "pk": 903,
    "fields": {
        "ciudad": "Pueblo Rico",
        "departamento": 26
    }
},
{
    "model": "ciudad.ciudad",
    "pk": 904,
    "fields": {
        "ciudad": "Quinchia",
        "departamento": 26
    }
},
{
    "model": "ciudad.ciudad",
    "pk": 905,
    "fields": {
        "ciudad": "Santa Rosa De Cabal",
        "departamento": 26
    }
},
{
    "model": "ciudad.ciudad",
    "pk": 906,
    "fields": {
        "ciudad": "Santuario",
        "departamento": 26
    }
},
{
    "model": "ciudad.ciudad",
    "pk": 907,
    "fields": {
        "ciudad": "San Andres",
        "departamento": 27
    }
},
{
    "model": "ciudad.ciudad",
    "pk": 908,
    "fields": {
        "ciudad": "Providencia",
        "departamento": 27
    }
},
{
    "model": "ciudad.ciudad",
    "pk": 909,
    "fields": {
        "ciudad": "Bucaramanga",
        "departamento": 28
    }
},
{
    "model": "ciudad.ciudad",
    "pk": 910,
    "fields": {
        "ciudad": "Aguada",
        "departamento": 28
    }
},
{
    "model": "ciudad.ciudad",
    "pk": 911,
    "fields": {
        "ciudad": "Albania",
        "departamento": 28
    }
},
{
    "model": "ciudad.ciudad",
    "pk": 912,
    "fields": {
        "ciudad": "Aratoca",
        "departamento": 28
    }
},
{
    "model": "ciudad.ciudad",
    "pk": 913,
    "fields": {
        "ciudad": "Barbosa",
        "departamento": 28
    }
},
{
    "model": "ciudad.ciudad",
    "pk": 914,
    "fields": {
        "ciudad": "Barichara",
        "departamento": 28
    }
},
{
    "model": "ciudad.ciudad",
    "pk": 915,
    "fields": {
        "ciudad": "Barrancabermeja",
        "departamento": 28
    }
},
{
    "model": "ciudad.ciudad",
    "pk": 916,
    "fields": {
        "ciudad": "Betulia",
        "departamento": 28
    }
},
{
    "model": "ciudad.ciudad",
    "pk": 917,
    "fields": {
        "ciudad": "Bolivar",
        "departamento": 28
    }
},
{
    "model": "ciudad.ciudad",
    "pk": 918,
    "fields": {
        "ciudad": "Cabrera",
        "departamento": 28
    }
},
{
    "model": "ciudad.ciudad",
    "pk": 919,
    "fields": {
        "ciudad": "California",
        "departamento": 28
    }
},
{
    "model": "ciudad.ciudad",
    "pk": 920,
    "fields": {
        "ciudad": "Capitanejo",
        "departamento": 28
    }
},
{
    "model": "ciudad.ciudad",
    "pk": 921,
    "fields": {
        "ciudad": "Carcasi",
        "departamento": 28
    }
},
{
    "model": "ciudad.ciudad",
    "pk": 922,
    "fields": {
        "ciudad": "Cepita",
        "departamento": 28
    }
},
{
    "model": "ciudad.ciudad",
    "pk": 923,
    "fields": {
        "ciudad": "Cerrito",
        "departamento": 28
    }
},
{
    "model": "ciudad.ciudad",
    "pk": 924,
    "fields": {
        "ciudad": "Charala",
        "departamento": 28
    }
},
{
    "model": "ciudad.ciudad",
    "pk": 925,
    "fields": {
        "ciudad": "Charta",
        "departamento": 28
    }
},
{
    "model": "ciudad.ciudad",
    "pk": 926,
    "fields": {
        "ciudad": "Chima",
        "departamento": 28
    }
},
{
    "model": "ciudad.ciudad",
    "pk": 927,
    "fields": {
        "ciudad": "Chipata",
        "departamento": 28
    }
},
{
    "model": "ciudad.ciudad",
    "pk": 928,
    "fields": {
        "ciudad": "Cimitarra",
        "departamento": 28
    }
},
{
    "model": "ciudad.ciudad",
    "pk": 929,
    "fields": {
        "ciudad": "Concepcion",
        "departamento": 28
    }
},
{
    "model": "ciudad.ciudad",
    "pk": 930,
    "fields": {
        "ciudad": "Confines",
        "departamento": 28
    }
},
{
    "model": "ciudad.ciudad",
    "pk": 931,
    "fields": {
        "ciudad": "Contratacion",
        "departamento": 28
    }
},
{
    "model": "ciudad.ciudad",
    "pk": 932,
    "fields": {
        "ciudad": "Coromoro",
        "departamento": 28
    }
},
{
    "model": "ciudad.ciudad",
    "pk": 933,
    "fields": {
        "ciudad": "Curiti",
        "departamento": 28
    }
},
{
    "model": "ciudad.ciudad",
    "pk": 934,
    "fields": {
        "ciudad": "El Carmen De Chucuri",
        "departamento": 28
    }
},
{
    "model": "ciudad.ciudad",
    "pk": 935,
    "fields": {
        "ciudad": "El Guacamayo",
        "departamento": 28
    }
},
{
    "model": "ciudad.ciudad",
    "pk": 936,
    "fields": {
        "ciudad": "El Pe\u00f1on",
        "departamento": 28
    }
},
{
    "model": "ciudad.ciudad",
    "pk": 937,
    "fields": {
        "ciudad": "El Playon",
        "departamento": 28
    }
},
{
    "model": "ciudad.ciudad",
    "pk": 938,
    "fields": {
        "ciudad": "Encino",
        "departamento": 28
    }
},
{
    "model": "ciudad.ciudad",
    "pk": 939,
    "fields": {
        "ciudad": "Enciso",
        "departamento": 28
    }
},
{
    "model": "ciudad.ciudad",
    "pk": 940,
    "fields": {
        "ciudad": "Florian",
        "departamento": 28
    }
},
{
    "model": "ciudad.ciudad",
    "pk": 941,
    "fields": {
        "ciudad": "Floridablanca",
        "departamento": 28
    }
},
{
    "model": "ciudad.ciudad",
    "pk": 942,
    "fields": {
        "ciudad": "Galan",
        "departamento": 28
    }
},
{
    "model": "ciudad.ciudad",
    "pk": 943,
    "fields": {
        "ciudad": "Gambita",
        "departamento": 28
    }
},
{
    "model": "ciudad.ciudad",
    "pk": 944,
    "fields": {
        "ciudad": "Giron",
        "departamento": 28
    }
},
{
    "model": "ciudad.ciudad",
    "pk": 945,
    "fields": {
        "ciudad": "Guaca",
        "departamento": 28
    }
},
{
    "model": "ciudad.ciudad",
    "pk": 946,
    "fields": {
        "ciudad": "Guadalupe",
        "departamento": 28
    }
},
{
    "model": "ciudad.ciudad",
    "pk": 947,
    "fields": {
        "ciudad": "Guapota",
        "departamento": 28
    }
},
{
    "model": "ciudad.ciudad",
    "pk": 948,
    "fields": {
        "ciudad": "Guavata",
        "departamento": 28
    }
},
{
    "model": "ciudad.ciudad",
    "pk": 949,
    "fields": {
        "ciudad": "Gsepsa",
        "departamento": 28
    }
},
{
    "model": "ciudad.ciudad",
    "pk": 950,
    "fields": {
        "ciudad": "Hato",
        "departamento": 28
    }
},
{
    "model": "ciudad.ciudad",
    "pk": 951,
    "fields": {
        "ciudad": "Jesus Maria",
        "departamento": 28
    }
},
{
    "model": "ciudad.ciudad",
    "pk": 952,
    "fields": {
        "ciudad": "Jordan",
        "departamento": 28
    }
},
{
    "model": "ciudad.ciudad",
    "pk": 953,
    "fields": {
        "ciudad": "La Belleza",
        "departamento": 28
    }
},
{
    "model": "ciudad.ciudad",
    "pk": 954,
    "fields": {
        "ciudad": "Landazuri",
        "departamento": 28
    }
},
{
    "model": "ciudad.ciudad",
    "pk": 955,
    "fields": {
        "ciudad": "La Paz",
        "departamento": 28
    }
},
{
    "model": "ciudad.ciudad",
    "pk": 956,
    "fields": {
        "ciudad": "Lebrija",
        "departamento": 28
    }
},
{
    "model": "ciudad.ciudad",
    "pk": 957,
    "fields": {
        "ciudad": "Los Santos",
        "departamento": 28
    }
},
{
    "model": "ciudad.ciudad",
    "pk": 958,
    "fields": {
        "ciudad": "Macaravita",
        "departamento": 28
    }
},
{
    "model": "ciudad.ciudad",
    "pk": 959,
    "fields": {
        "ciudad": "Malaga",
        "departamento": 28
    }
},
{
    "model": "ciudad.ciudad",
    "pk": 960,
    "fields": {
        "ciudad": "Matanza",
        "departamento": 28
    }
},
{
    "model": "ciudad.ciudad",
    "pk": 961,
    "fields": {
        "ciudad": "Mogotes",
        "departamento": 28
    }
},
{
    "model": "ciudad.ciudad",
    "pk": 962,
    "fields": {
        "ciudad": "Molagavita",
        "departamento": 28
    }
},
{
    "model": "ciudad.ciudad",
    "pk": 963,
    "fields": {
        "ciudad": "Ocamonte",
        "departamento": 28
    }
},
{
    "model": "ciudad.ciudad",
    "pk": 964,
    "fields": {
        "ciudad": "Oiba",
        "departamento": 28
    }
},
{
    "model": "ciudad.ciudad",
    "pk": 965,
    "fields": {
        "ciudad": "Onzaga",
        "departamento": 28
    }
},
{
    "model": "ciudad.ciudad",
    "pk": 966,
    "fields": {
        "ciudad": "Palmar",
        "departamento": 28
    }
},
{
    "model": "ciudad.ciudad",
    "pk": 967,
    "fields": {
        "ciudad": "Palmas Del Socorro",
        "departamento": 28
    }
},
{
    "model": "ciudad.ciudad",
    "pk": 968,
    "fields": {
        "ciudad": "Paramo",
        "departamento": 28
    }
},
{
    "model": "ciudad.ciudad",
    "pk": 969,
    "fields": {
        "ciudad": "Piedecuesta",
        "departamento": 28
    }
},
{
    "model": "ciudad.ciudad",
    "pk": 970,
    "fields": {
        "ciudad": "Pinchote",
        "departamento": 28
    }
},
{
    "model": "ciudad.ciudad",
    "pk": 971,
    "fields": {
        "ciudad": "Puente Nacional",
        "departamento": 28
    }
},
{
    "model": "ciudad.ciudad",
    "pk": 972,
    "fields": {
        "ciudad": "Puerto Parra",
        "departamento": 28
    }
},
{
    "model": "ciudad.ciudad",
    "pk": 973,
    "fields": {
        "ciudad": "Puerto Wilches",
        "departamento": 28
    }
},
{
    "model": "ciudad.ciudad",
    "pk": 974,
    "fields": {
        "ciudad": "Rionegro",
        "departamento": 28
    }
},
{
    "model": "ciudad.ciudad",
    "pk": 975,
    "fields": {
        "ciudad": "Sabana De Torres",
        "departamento": 28
    }
},
{
    "model": "ciudad.ciudad",
    "pk": 976,
    "fields": {
        "ciudad": "San Andres",
        "departamento": 28
    }
},
{
    "model": "ciudad.ciudad",
    "pk": 977,
    "fields": {
        "ciudad": "San Benito",
        "departamento": 28
    }
},
{
    "model": "ciudad.ciudad",
    "pk": 978,
    "fields": {
        "ciudad": "San Gil",
        "departamento": 28
    }
},
{
    "model": "ciudad.ciudad",
    "pk": 979,
    "fields": {
        "ciudad": "San Joaquin",
        "departamento": 28
    }
},
{
    "model": "ciudad.ciudad",
    "pk": 980,
    "fields": {
        "ciudad": "San Jose De Miranda",
        "departamento": 28
    }
},
{
    "model": "ciudad.ciudad",
    "pk": 981,
    "fields": {
        "ciudad": "San Miguel",
        "departamento": 28
    }
},
{
    "model": "ciudad.ciudad",
    "pk": 982,
    "fields": {
        "ciudad": "San Vicente De Chucuri",
        "departamento": 28
    }
},
{
    "model": "ciudad.ciudad",
    "pk": 983,
    "fields": {
        "ciudad": "Santa Barbara",
        "departamento": 28
    }
},
{
    "model": "ciudad.ciudad",
    "pk": 984,
    "fields": {
        "ciudad": "Santa Helena Del Opon",
        "departamento": 28
    }
},
{
    "model": "ciudad.ciudad",
    "pk": 985,
    "fields": {
        "ciudad": "Simacota",
        "departamento": 28
    }
},
{
    "model": "ciudad.ciudad",
    "pk": 986,
    "fields": {
        "ciudad": "Socorro",
        "departamento": 28
    }
},
{
    "model": "ciudad.ciudad",
    "pk": 987,
    "fields": {
        "ciudad": "Suaita",
        "departamento": 28
    }
},
{
    "model": "ciudad.ciudad",
    "pk": 988,
    "fields": {
        "ciudad": "Sucre",
        "departamento": 28
    }
},
{
    "model": "ciudad.ciudad",
    "pk": 989,
    "fields": {
        "ciudad": "Surata",
        "departamento": 28
    }
},
{
    "model": "ciudad.ciudad",
    "pk": 990,
    "fields": {
        "ciudad": "Tona",
        "departamento": 28
    }
},
{
    "model": "ciudad.ciudad",
    "pk": 991,
    "fields": {
        "ciudad": "Valle De San Jose",
        "departamento": 28
    }
},
{
    "model": "ciudad.ciudad",
    "pk": 992,
    "fields": {
        "ciudad": "Velez",
        "departamento": 28
    }
},
{
    "model": "ciudad.ciudad",
    "pk": 993,
    "fields": {
        "ciudad": "Vetas",
        "departamento": 28
    }
},
{
    "model": "ciudad.ciudad",
    "pk": 994,
    "fields": {
        "ciudad": "Villanueva",
        "departamento": 28
    }
},
{
    "model": "ciudad.ciudad",
    "pk": 995,
    "fields": {
        "ciudad": "Zapatoca",
        "departamento": 28
    }
},
{
    "model": "ciudad.ciudad",
    "pk": 996,
    "fields": {
        "ciudad": "Sincelejo",
        "departamento": 29
    }
},
{
    "model": "ciudad.ciudad",
    "pk": 997,
    "fields": {
        "ciudad": "Buenavista",
        "departamento": 29
    }
},
{
    "model": "ciudad.ciudad",
    "pk": 998,
    "fields": {
        "ciudad": "Caimito",
        "departamento": 29
    }
},
{
    "model": "ciudad.ciudad",
    "pk": 999,
    "fields": {
        "ciudad": "Coloso",
        "departamento": 29
    }
},
{
    "model": "ciudad.ciudad",
    "pk": 1000,
    "fields": {
        "ciudad": "Corozal",
        "departamento": 29
    }
},
{
    "model": "ciudad.ciudad",
    "pk": 1001,
    "fields": {
        "ciudad": "Cove\u00f1as",
        "departamento": 29
    }
},
{
    "model": "ciudad.ciudad",
    "pk": 1002,
    "fields": {
        "ciudad": "Chalan",
        "departamento": 29
    }
},
{
    "model": "ciudad.ciudad",
    "pk": 1003,
    "fields": {
        "ciudad": "El Roble",
        "departamento": 29
    }
},
{
    "model": "ciudad.ciudad",
    "pk": 1004,
    "fields": {
        "ciudad": "Galeras",
        "departamento": 29
    }
},
{
    "model": "ciudad.ciudad",
    "pk": 1005,
    "fields": {
        "ciudad": "Guaranda",
        "departamento": 29
    }
},
{
    "model": "ciudad.ciudad",
    "pk": 1006,
    "fields": {
        "ciudad": "La Union",
        "departamento": 29
    }
},
{
    "model": "ciudad.ciudad",
    "pk": 1007,
    "fields": {
        "ciudad": "Los Palmitos",
        "departamento": 29
    }
},
{
    "model": "ciudad.ciudad",
    "pk": 1008,
    "fields": {
        "ciudad": "Majagual",
        "departamento": 29
    }
},
{
    "model": "ciudad.ciudad",
    "pk": 1009,
    "fields": {
        "ciudad": "Morroa",
        "departamento": 29
    }
},
{
    "model": "ciudad.ciudad",
    "pk": 1010,
    "fields": {
        "ciudad": "Ovejas",
        "departamento": 29
    }
},
{
    "model": "ciudad.ciudad",
    "pk": 1011,
    "fields": {
        "ciudad": "Palmito",
        "departamento": 29
    }
},
{
    "model": "ciudad.ciudad",
    "pk": 1012,
    "fields": {
        "ciudad": "Sampues",
        "departamento": 29
    }
},
{
    "model": "ciudad.ciudad",
    "pk": 1013,
    "fields": {
        "ciudad": "San Benito Abad",
        "departamento": 29
    }
},
{
    "model": "ciudad.ciudad",
    "pk": 1014,
    "fields": {
        "ciudad": "San Juan De Betulia",
        "departamento": 29
    }
},
{
    "model": "ciudad.ciudad",
    "pk": 1015,
    "fields": {
        "ciudad": "San Marcos",
        "departamento": 29
    }
},
{
    "model": "ciudad.ciudad",
    "pk": 1016,
    "fields": {
        "ciudad": "San Onofre",
        "departamento": 29
    }
},
{
    "model": "ciudad.ciudad",
    "pk": 1017,
    "fields": {
        "ciudad": "San Pedro",
        "departamento": 29
    }
},
{
    "model": "ciudad.ciudad",
    "pk": 1018,
    "fields": {
        "ciudad": "San Luis De Since",
        "departamento": 29
    }
},
{
    "model": "ciudad.ciudad",
    "pk": 1019,
    "fields": {
        "ciudad": "Sucre",
        "departamento": 29
    }
},
{
    "model": "ciudad.ciudad",
    "pk": 1020,
    "fields": {
        "ciudad": "Santiago De Tolu",
        "departamento": 29
    }
},
{
    "model": "ciudad.ciudad",
    "pk": 1021,
    "fields": {
        "ciudad": "Tolu Viejo",
        "departamento": 29
    }
},
{
    "model": "ciudad.ciudad",
    "pk": 1022,
    "fields": {
        "ciudad": "Ibague",
        "departamento": 30
    }
},
{
    "model": "ciudad.ciudad",
    "pk": 1023,
    "fields": {
        "ciudad": "Alpujarra",
        "departamento": 30
    }
},
{
    "model": "ciudad.ciudad",
    "pk": 1024,
    "fields": {
        "ciudad": "Alvarado",
        "departamento": 30
    }
},
{
    "model": "ciudad.ciudad",
    "pk": 1025,
    "fields": {
        "ciudad": "Ambalema",
        "departamento": 30
    }
},
{
    "model": "ciudad.ciudad",
    "pk": 1026,
    "fields": {
        "ciudad": "Anzoategui",
        "departamento": 30
    }
},
{
    "model": "ciudad.ciudad",
    "pk": 1027,
    "fields": {
        "ciudad": "Armero",
        "departamento": 30
    }
},
{
    "model": "ciudad.ciudad",
    "pk": 1028,
    "fields": {
        "ciudad": "Ataco",
        "departamento": 30
    }
},
{
    "model": "ciudad.ciudad",
    "pk": 1029,
    "fields": {
        "ciudad": "Cajamarca",
        "departamento": 30
    }
},
{
    "model": "ciudad.ciudad",
    "pk": 1030,
    "fields": {
        "ciudad": "Carmen De Apicala",
        "departamento": 30
    }
},
{
    "model": "ciudad.ciudad",
    "pk": 1031,
    "fields": {
        "ciudad": "Casabianca",
        "departamento": 30
    }
},
{
    "model": "ciudad.ciudad",
    "pk": 1032,
    "fields": {
        "ciudad": "Chaparral",
        "departamento": 30
    }
},
{
    "model": "ciudad.ciudad",
    "pk": 1033,
    "fields": {
        "ciudad": "Coello",
        "departamento": 30
    }
},
{
    "model": "ciudad.ciudad",
    "pk": 1034,
    "fields": {
        "ciudad": "Coyaima",
        "departamento": 30
    }
},
{
    "model": "ciudad.ciudad",
    "pk": 1035,
    "fields": {
        "ciudad": "Cunday",
        "departamento": 30
    }
},
{
    "model": "ciudad.ciudad",
    "pk": 1036,
    "fields": {
        "ciudad": "Dolores",
        "departamento": 30
    }
},
{
    "model": "ciudad.ciudad",
    "pk": 1037,
    "fields": {
        "ciudad": "Espinal",
        "departamento": 30
    }
},
{
    "model": "ciudad.ciudad",
    "pk": 1038,
    "fields": {
        "ciudad": "Falan",
        "departamento": 30
    }
},
{
    "model": "ciudad.ciudad",
    "pk": 1039,
    "fields": {
        "ciudad": "Flandes",
        "departamento": 30
    }
},
{
    "model": "ciudad.ciudad",
    "pk": 1040,
    "fields": {
        "ciudad": "Fresno",
        "departamento": 30
    }
},
{
    "model": "ciudad.ciudad",
    "pk": 1041,
    "fields": {
        "ciudad": "Guamo",
        "departamento": 30
    }
},
{
    "model": "ciudad.ciudad",
    "pk": 1042,
    "fields": {
        "ciudad": "Herveo",
        "departamento": 30
    }
},
{
    "model": "ciudad.ciudad",
    "pk": 1043,
    "fields": {
        "ciudad": "Honda",
        "departamento": 30
    }
},
{
    "model": "ciudad.ciudad",
    "pk": 1044,
    "fields": {
        "ciudad": "Icononzo",
        "departamento": 30
    }
},
{
    "model": "ciudad.ciudad",
    "pk": 1045,
    "fields": {
        "ciudad": "Lerida",
        "departamento": 30
    }
},
{
    "model": "ciudad.ciudad",
    "pk": 1046,
    "fields": {
        "ciudad": "Libano",
        "departamento": 30
    }
},
{
    "model": "ciudad.ciudad",
    "pk": 1047,
    "fields": {
        "ciudad": "Mariquita",
        "departamento": 30
    }
},
{
    "model": "ciudad.ciudad",
    "pk": 1048,
    "fields": {
        "ciudad": "Melgar",
        "departamento": 30
    }
},
{
    "model": "ciudad.ciudad",
    "pk": 1049,
    "fields": {
        "ciudad": "Murillo",
        "departamento": 30
    }
},
{
    "model": "ciudad.ciudad",
    "pk": 1050,
    "fields": {
        "ciudad": "Natagaima",
        "departamento": 30
    }
},
{
    "model": "ciudad.ciudad",
    "pk": 1051,
    "fields": {
        "ciudad": "Ortega",
        "departamento": 30
    }
},
{
    "model": "ciudad.ciudad",
    "pk": 1052,
    "fields": {
        "ciudad": "Palocabildo",
        "departamento": 30
    }
},
{
    "model": "ciudad.ciudad",
    "pk": 1053,
    "fields": {
        "ciudad": "Piedras",
        "departamento": 30
    }
},
{
    "model": "ciudad.ciudad",
    "pk": 1054,
    "fields": {
        "ciudad": "Planadas",
        "departamento": 30
    }
},
{
    "model": "ciudad.ciudad",
    "pk": 1055,
    "fields": {
        "ciudad": "Prado",
        "departamento": 30
    }
},
{
    "model": "ciudad.ciudad",
    "pk": 1056,
    "fields": {
        "ciudad": "Purificacion",
        "departamento": 30
    }
},
{
    "model": "ciudad.ciudad",
    "pk": 1057,
    "fields": {
        "ciudad": "Rioblanco",
        "departamento": 30
    }
},
{
    "model": "ciudad.ciudad",
    "pk": 1058,
    "fields": {
        "ciudad": "Roncesvalles",
        "departamento": 30
    }
},
{
    "model": "ciudad.ciudad",
    "pk": 1059,
    "fields": {
        "ciudad": "Rovira",
        "departamento": 30
    }
},
{
    "model": "ciudad.ciudad",
    "pk": 1060,
    "fields": {
        "ciudad": "Salda\u00f1a",
        "departamento": 30
    }
},
{
    "model": "ciudad.ciudad",
    "pk": 1061,
    "fields": {
        "ciudad": "San Antonio",
        "departamento": 30
    }
},
{
    "model": "ciudad.ciudad",
    "pk": 1062,
    "fields": {
        "ciudad": "San Luis",
        "departamento": 30
    }
},
{
    "model": "ciudad.ciudad",
    "pk": 1063,
    "fields": {
        "ciudad": "Santa Isabel",
        "departamento": 30
    }
},
{
    "model": "ciudad.ciudad",
    "pk": 1064,
    "fields": {
        "ciudad": "Suarez",
        "departamento": 30
    }
},
{
    "model": "ciudad.ciudad",
    "pk": 1065,
    "fields": {
        "ciudad": "Valle De San Juan",
        "departamento": 30
    }
},
{
    "model": "ciudad.ciudad",
    "pk": 1066,
    "fields": {
        "ciudad": "Venadillo",
        "departamento": 30
    }
},
{
    "model": "ciudad.ciudad",
    "pk": 1067,
    "fields": {
        "ciudad": "Villahermosa",
        "departamento": 30
    }
},
{
    "model": "ciudad.ciudad",
    "pk": 1068,
    "fields": {
        "ciudad": "Villarrica",
        "departamento": 30
    }
},
{
    "model": "ciudad.ciudad",
    "pk": 1069,
    "fields": {
        "ciudad": "Cali",
        "departamento": 31
    }
},
{
    "model": "ciudad.ciudad",
    "pk": 1070,
    "fields": {
        "ciudad": "Alcala",
        "departamento": 31
    }
},
{
    "model": "ciudad.ciudad",
    "pk": 1071,
    "fields": {
        "ciudad": "Andalucia",
        "departamento": 31
    }
},
{
    "model": "ciudad.ciudad",
    "pk": 1072,
    "fields": {
        "ciudad": "Ansermanuevo",
        "departamento": 31
    }
},
{
    "model": "ciudad.ciudad",
    "pk": 1073,
    "fields": {
        "ciudad": "Argelia",
        "departamento": 31
    }
},
{
    "model": "ciudad.ciudad",
    "pk": 1074,
    "fields": {
        "ciudad": "Bolivar",
        "departamento": 31
    }
},
{
    "model": "ciudad.ciudad",
    "pk": 1075,
    "fields": {
        "ciudad": "Buenaventura",
        "departamento": 31
    }
},
{
    "model": "ciudad.ciudad",
    "pk": 1076,
    "fields": {
        "ciudad": "Guadalajara De Buga",
        "departamento": 31
    }
},
{
    "model": "ciudad.ciudad",
    "pk": 1077,
    "fields": {
        "ciudad": "Bugalagrande",
        "departamento": 31
    }
},
{
    "model": "ciudad.ciudad",
    "pk": 1078,
    "fields": {
        "ciudad": "Caicedonia",
        "departamento": 31
    }
},
{
    "model": "ciudad.ciudad",
    "pk": 1079,
    "fields": {
        "ciudad": "Calima",
        "departamento": 31
    }
},
{
    "model": "ciudad.ciudad",
    "pk": 1080,
    "fields": {
        "ciudad": "Candelaria",
        "departamento": 31
    }
},
{
    "model": "ciudad.ciudad",
    "pk": 1081,
    "fields": {
        "ciudad": "Cartago",
        "departamento": 31
    }
},
{
    "model": "ciudad.ciudad",
    "pk": 1082,
    "fields": {
        "ciudad": "Dagua",
        "departamento": 31
    }
},
{
    "model": "ciudad.ciudad",
    "pk": 1083,
    "fields": {
        "ciudad": "El Aguila",
        "departamento": 31
    }
},
{
    "model": "ciudad.ciudad",
    "pk": 1084,
    "fields": {
        "ciudad": "El Cairo",
        "departamento": 31
    }
},
{
    "model": "ciudad.ciudad",
    "pk": 1085,
    "fields": {
        "ciudad": "El Cerrito",
        "departamento": 31
    }
},
{
    "model": "ciudad.ciudad",
    "pk": 1086,
    "fields": {
        "ciudad": "El Dovio",
        "departamento": 31
    }
},
{
    "model": "ciudad.ciudad",
    "pk": 1087,
    "fields": {
        "ciudad": "Florida",
        "departamento": 31
    }
},
{
    "model": "ciudad.ciudad",
    "pk": 1088,
    "fields": {
        "ciudad": "Ginebra",
        "departamento": 31
    }
},
{
    "model": "ciudad.ciudad",
    "pk": 1089,
    "fields": {
        "ciudad": "Guacari",
        "departamento": 31
    }
},
{
    "model": "ciudad.ciudad",
    "pk": 1090,
    "fields": {
        "ciudad": "Jamundi",
        "departamento": 31
    }
},
{
    "model": "ciudad.ciudad",
    "pk": 1091,
    "fields": {
        "ciudad": "La Cumbre",
        "departamento": 31
    }
},
{
    "model": "ciudad.ciudad",
    "pk": 1092,
    "fields": {
        "ciudad": "La Union",
        "departamento": 31
    }
},
{
    "model": "ciudad.ciudad",
    "pk": 1093,
    "fields": {
        "ciudad": "La Victoria",
        "departamento": 31
    }
},
{
    "model": "ciudad.ciudad",
    "pk": 1094,
    "fields": {
        "ciudad": "Obando",
        "departamento": 31
    }
},
{
    "model": "ciudad.ciudad",
    "pk": 1095,
    "fields": {
        "ciudad": "Palmira",
        "departamento": 31
    }
},
{
    "model": "ciudad.ciudad",
    "pk": 1096,
    "fields": {
        "ciudad": "Pradera",
        "departamento": 31
    }
},
{
    "model": "ciudad.ciudad",
    "pk": 1097,
    "fields": {
        "ciudad": "Restrepo",
        "departamento": 31
    }
},
{
    "model": "ciudad.ciudad",
    "pk": 1098,
    "fields": {
        "ciudad": "Riofrio",
        "departamento": 31
    }
},
{
    "model": "ciudad.ciudad",
    "pk": 1099,
    "fields": {
        "ciudad": "Roldanillo",
        "departamento": 31
    }
},
{
    "model": "ciudad.ciudad",
    "pk": 1100,
    "fields": {
        "ciudad": "San Pedro",
        "departamento": 31
    }
},
{
    "model": "ciudad.ciudad",
    "pk": 1101,
    "fields": {
        "ciudad": "Sevilla",
        "departamento": 31
    }
},
{
    "model": "ciudad.ciudad",
    "pk": 1102,
    "fields": {
        "ciudad": "Toro",
        "departamento": 31
    }
},
{
    "model": "ciudad.ciudad",
    "pk": 1103,
    "fields": {
        "ciudad": "Trujillo",
        "departamento": 31
    }
},
{
    "model": "ciudad.ciudad",
    "pk": 1104,
    "fields": {
        "ciudad": "Tulua",
        "departamento": 31
    }
},
{
    "model": "ciudad.ciudad",
    "pk": 1105,
    "fields": {
        "ciudad": "Ulloa",
        "departamento": 31
    }
},
{
    "model": "ciudad.ciudad",
    "pk": 1106,
    "fields": {
        "ciudad": "Versalles",
        "departamento": 31
    }
},
{
    "model": "ciudad.ciudad",
    "pk": 1107,
    "fields": {
        "ciudad": "Vijes",
        "departamento": 31
    }
},
{
    "model": "ciudad.ciudad",
    "pk": 1108,
    "fields": {
        "ciudad": "Yotoco",
        "departamento": 31
    }
},
{
    "model": "ciudad.ciudad",
    "pk": 1109,
    "fields": {
        "ciudad": "Yumbo",
        "departamento": 31
    }
},
{
    "model": "ciudad.ciudad",
    "pk": 1110,
    "fields": {
        "ciudad": "Zarzal",
        "departamento": 31
    }
},
{
    "model": "ciudad.ciudad",
    "pk": 1111,
    "fields": {
        "ciudad": "Mitu",
        "departamento": 32
    }
},
{
    "model": "ciudad.ciudad",
    "pk": 1112,
    "fields": {
        "ciudad": "Caruru",
        "departamento": 32
    }
},
{
    "model": "ciudad.ciudad",
    "pk": 1113,
    "fields": {
        "ciudad": "Pacoa",
        "departamento": 32
    }
},
{
    "model": "ciudad.ciudad",
    "pk": 1114,
    "fields": {
        "ciudad": "Taraira",
        "departamento": 32
    }
},
{
    "model": "ciudad.ciudad",
    "pk": 1115,
    "fields": {
        "ciudad": "Papunaua",
        "departamento": 32
    }
},
{
    "model": "ciudad.ciudad",
    "pk": 1116,
    "fields": {
        "ciudad": "Yavarate",
        "departamento": 32
    }
},
{
    "model": "ciudad.ciudad",
    "pk": 1117,
    "fields": {
        "ciudad": "Puerto Carre\u00f1o",
        "departamento": 33
    }
},
{
    "model": "ciudad.ciudad",
    "pk": 1118,
    "fields": {
        "ciudad": "La Primavera",
        "departamento": 33
    }
},
{
    "model": "ciudad.ciudad",
    "pk": 1119,
    "fields": {
        "ciudad": "Santa Rosalia",
        "departamento": 33
    }
},
{
    "model": "ciudad.ciudad",
    "pk": 1120,
    "fields": {
        "ciudad": "Cumaribo",
        "departamento": 33
    }
},
{
    "model": "colegiado.colegiado",
    "pk": 1,
    "fields": {
        "nombre": "Mons. LEOPOLDO LOPEZ VEGA",
        "ciudad": 214,
        "active": true
    }
},
{
    "model": "colegiado.colegiado",
    "pk": 2,
    "fields": {
        "nombre": "Padre  VICTOR MANUEL CEPEDA VARGAS",
        "ciudad": 214,
        "active": true
    }
},
{
    "model": "colegiado.colegiado",
    "pk": 3,
    "fields": {
        "nombre": "Lic.  ORLANDO DIAZ MARQUEZ",
        "ciudad": 214,
        "active": true
    }
},
{
    "model": "colegiado.colegiado",
    "pk": 4,
    "fields": {
        "nombre": "Padre  JOSE VICENTE JIMENEZ CIPAMOCHA",
        "ciudad": 214,
        "active": true
    }
},
{
    "model": "colegiado.colegiado",
    "pk": 5,
    "fields": {
        "nombre": "Padre  ELICEO DUE\u00d1AS BERNAL",
        "ciudad": 214,
        "active": true
    }
},
{
    "model": "declaracion.tipo",
    "pk": 1,
    "fields": {
        "tipo": "DECLARACI\u00d3N PARTE ACTORA"
    }
},
{
    "model": "declaracion.tipo",
    "pk": 2,
    "fields": {
        "tipo": "DECLARACI\u00d3N PARTE CONVENTA"
    }
},
{
    "model": "declaraciontestigo.tipo",
    "pk": 1,
    "fields": {
        "tipo": "DECLARACI\u00d3N TESTIGO 1"
    }
},
{
    "model": "declaraciontestigo.tipo",
    "pk": 2,
    "fields": {
        "tipo": "DECLARACI\u00d3N TESTIGO 2"
    }
},
{
    "model": "declaraciontestigo.tipo",
    "pk": 3,
    "fields": {
        "tipo": "DECLARACI\u00d3N TESTIGO 3"
    }
},
{
    "model": "declaraciontestigo.tipo",
    "pk": 4,
    "fields": {
        "tipo": "DECLARACI\u00d3N TESTIGO 4"
    }
},
{
    "model": "declaraciontestigo.tipo",
    "pk": 5,
    "fields": {
        "tipo": "DECLARACI\u00d3N TESTIGO 5"
    }
},
{
    "model": "declaraciontestigo.tipo",
    "pk": 6,
    "fields": {
        "tipo": "DECLARACI\u00d3N TESTIGO 6"
    }
},
{
    "model": "declaraciontestigo.tipo",
    "pk": 7,
    "fields": {
        "tipo": "DECLARACI\u00d3N TESTIGO 7"
    }
},
{
    "model": "declaraciontestigo.tipo",
    "pk": 8,
    "fields": {
        "tipo": "DECLARACI\u00d3N TESTIGO 8"
    }
},
{
    "model": "declaraciontestigo.tipo",
    "pk": 9,
    "fields": {
        "tipo": "DECLARACI\u00d3N TESTIGO 9"
    }
},
{
    "model": "decreto.tipo",
    "pk": 1,
    "fields": {
        "tipo": "DECRETO DE ACEPTACI\u00d3N DE LA DEMANDA"
    }
},
{
    "model": "decreto.tipo",
    "pk": 2,
    "fields": {
        "tipo": "DECRETO DE ACEPTACI\u00d3N DE TESTIGOS"
    }
},
{
    "model": "decreto.tipo",
    "pk": 3,
    "fields": {
        "tipo": "DECRETO DE AUSENCIA"
    }
},
{
    "model": "decreto.tipo",
    "pk": 4,
    "fields": {
        "tipo": "DECRETO DE CADUCIDAD Y ARCHIVO"
    }
},
{
    "model": "decreto.tipo",
    "pk": 5,
    "fields": {
        "tipo": "DECRETO DE CAMBIO A PROCESO BREVE"
    }
},
{
    "model": "decreto.tipo",
    "pk": 6,
    "fields": {
        "tipo": "DECRETO DE CAMBIO A PROCESO ORDINARIO"
    }
},
{
    "model": "decreto.tipo",
    "pk": 7,
    "fields": {
        "tipo": "DECRETO DE CAMBIO A SUPE RATO"
    }
},
{
    "model": "decreto.tipo",
    "pk": 8,
    "fields": {
        "tipo": "DECRETO DE CAMBIO DE DEFENSOR DEL VINCULO"
    }
},
{
    "model": "decreto.tipo",
    "pk": 9,
    "fields": {
        "tipo": "DECRETO DE CAMBIO DE JUEZ"
    }
},
{
    "model": "decreto.tipo",
    "pk": 10,
    "fields": {
        "tipo": "DECRETO DE CAMBIO DE TESTIGOS"
    }
},
{
    "model": "decreto.tipo",
    "pk": 11,
    "fields": {
        "tipo": "DECRETO DE COLEGIADO"
    }
},
{
    "model": "decreto.tipo",
    "pk": 12,
    "fields": {
        "tipo": "DECRETO DE COLEGIADO Y ACEPTACI\u00d3N DE LA DEMANDA"
    }
},
{
    "model": "decreto.tipo",
    "pk": 13,
    "fields": {
        "tipo": "DECRETO DE CONCLUSI\u00d3N"
    }
},
{
    "model": "decreto.tipo",
    "pk": 14,
    "fields": {
        "tipo": "DECRETO DE CONCORDANCIA DE LA DUDA"
    }
},
{
    "model": "decreto.tipo",
    "pk": 15,
    "fields": {
        "tipo": "DECRETO DE COSTAS"
    }
},
{
    "model": "decreto.tipo",
    "pk": 16,
    "fields": {
        "tipo": "DECRETO DE INSTRUCCI\u00d3N"
    }
},
{
    "model": "decreto.tipo",
    "pk": 17,
    "fields": {
        "tipo": "DECRETO DE NO COMPARECENCIA"
    }
},
{
    "model": "decreto.tipo",
    "pk": 18,
    "fields": {
        "tipo": "DECRETO DE NOMBRAMIENTO DE AUDITOR"
    }
},
{
    "model": "decreto.tipo",
    "pk": 19,
    "fields": {
        "tipo": "DECRETO DE NOMBRAMIENTO DE JUEZ"
    }
},
{
    "model": "decreto.tipo",
    "pk": 20,
    "fields": {
        "tipo": "DECRETO DE NOMBRAMIENTO DE PATRONO ESTABLE"
    }
},
{
    "model": "decreto.tipo",
    "pk": 21,
    "fields": {
        "tipo": "DECRETO DE NOMBRAMIENTO DE PERITO PSIC\u00d3LOGO"
    }
},
{
    "model": "decreto.tipo",
    "pk": 22,
    "fields": {
        "tipo": "DECRETO DE NOMBRAMIENTO DE PERITO PSIQUIATRA"
    }
},
{
    "model": "decreto.tipo",
    "pk": 23,
    "fields": {
        "tipo": "DECRETO DE PUBLICACI\u00d3N DE LAS ACTAS"
    }
},
{
    "model": "decreto.tipo",
    "pk": 24,
    "fields": {
        "tipo": "DECRETO DE QUERELLA DE NULIDAD"
    }
},
{
    "model": "decreto.tipo",
    "pk": 25,
    "fields": {
        "tipo": "DECRETO DE REAPERTURA"
    }
},
{
    "model": "decreto.tipo",
    "pk": 26,
    "fields": {
        "tipo": "DECRETO DE REAPERTURA Y NUEVO COLEGIADO"
    }
},
{
    "model": "decreto.tipo",
    "pk": 27,
    "fields": {
        "tipo": "DECRETO DE RESERVA DE ALGUNAS ACTAS"
    }
},
{
    "model": "decreto.tipo",
    "pk": 28,
    "fields": {
        "tipo": "DECRETO DE SUSPENSI\u00d3N DE LA CAUSA POR MUERTE"
    }
},
{
    "model": "decreto.tipo",
    "pk": 29,
    "fields": {
        "tipo": "DECRETO DE TESTIGO DE OFICIO"
    }
},
{
    "model": "decreto.tipo",
    "pk": 30,
    "fields": {
        "tipo": "DECRETO DE TRAMITACI\u00d3N A SEGUNDA INSTANCIA"
    }
},
{
    "model": "persona.persona",
    "pk": 1049636031,
    "fields": {
        "nombre": "Jeronimo",
        "apellido": "Burgos",
        "direccion": "calle 24 # 17-27",
        "telefono": "320123456",
        "ciudad": 294,
        "email": "Jeronimo@email.com",
        "active": true
    }
},
{
    "model": "persona.persona",
    "pk": 1049636032,
    "fields": {
        "nombre": "Estefania",
        "apellido": "Villegas",
        "direccion": "calle 24 # 17-28",
        "telefono": "320123457",
        "ciudad": 323,
        "email": "Estefania@email.com",
        "active": true
    }
},
{
    "model": "persona.persona",
    "pk": 1049636033,
    "fields": {
        "nombre": "Guillermo",
        "apellido": "Fernandez",
        "direccion": "calle 24 # 17-29",
        "telefono": "320123458",
        "ciudad": 287,
        "email": "Guillermo@email.com",
        "active": true
    }
},
{
    "model": "persona.persona",
    "pk": 1049636034,
    "fields": {
        "nombre": "Eliana",
        "apellido": "Ramirez",
        "direccion": "calle 24 # 17-30",
        "telefono": "320123459",
        "ciudad": 300,
        "email": "Eliana@email.com",
        "active": true
    }
},
{
    "model": "persona.persona",
    "pk": 1049636035,
    "fields": {
        "nombre": "Jose",
        "apellido": "Carmona",
        "direccion": "calle 24 # 17-31",
        "telefono": "320123460",
        "ciudad": 217,
        "email": "Jose@email.com",
        "active": true
    }
},
{
    "model": "persona.persona",
    "pk": 1049636036,
    "fields": {
        "nombre": "Marcela",
        "apellido": "De santis",
        "direccion": "calle 24 # 17-32",
        "telefono": "320123461",
        "ciudad": 216,
        "email": "Marcela@email.com",
        "active": true
    }
},
{
    "model": "persona.persona",
    "pk": 1049636037,
    "fields": {
        "nombre": "Daniela",
        "apellido": "Franco",
        "direccion": "calle 24 # 17-33",
        "telefono": "320123462",
        "ciudad": 315,
        "email": "Daniela@email.com",
        "active": true
    }
},
{
    "model": "persona.persona",
    "pk": 1049636038,
    "fields": {
        "nombre": "Rafael",
        "apellido": "Cortes",
        "direccion": "calle 24 # 17-34",
        "telefono": "320123463",
        "ciudad": 245,
        "email": "Rafael@email.com",
        "active": true
    }
},
{
    "model": "persona.persona",
    "pk": 1049636039,
    "fields": {
        "nombre": "Camilo",
        "apellido": "Berrio",
        "direccion": "calle 24 # 17-35",
        "telefono": "320123464",
        "ciudad": 309,
        "email": "Camilo@email.com",
        "active": true
    }
},
{
    "model": "persona.persona",
    "pk": 1049636040,
    "fields": {
        "nombre": "Francisco",
        "apellido": "Arias",
        "direccion": "calle 24 # 17-36",
        "telefono": "320123465",
        "ciudad": 228,
        "email": "Francisco@email.com",
        "active": true
    }
},
{
    "model": "persona.persona",
    "pk": 1049636041,
    "fields": {
        "nombre": "Antonio",
        "apellido": "Merizalde",
        "direccion": "calle 24 # 17-37",
        "telefono": "320123466",
        "ciudad": 332,
        "email": "Antonio@email.com",
        "active": true
    }
},
{
    "model": "persona.persona",
    "pk": 1049636042,
    "fields": {
        "nombre": "Karen",
        "apellido": "Restrepo",
        "direccion": "calle 24 # 17-38",
        "telefono": "320123467",
        "ciudad": 233,
        "email": "Karen@email.com",
        "active": true
    }
},
{
    "model": "persona.persona",
    "pk": 1049636043,
    "fields": {
        "nombre": "David",
        "apellido": "Lemus",
        "direccion": "calle 24 # 17-39",
        "telefono": "320123468",
        "ciudad": 236,
        "email": "David@email.com",
        "active": true
    }
},
{
    "model": "persona.persona",
    "pk": 1049636044,
    "fields": {
        "nombre": "Javier",
        "apellido": "Santana",
        "direccion": "calle 24 # 17-40",
        "telefono": "320123469",
        "ciudad": 257,
        "email": "Javier@email.com",
        "active": true
    }
},
{
    "model": "persona.persona",
    "pk": 1049636045,
    "fields": {
        "nombre": "Virginia",
        "apellido": "Saldarriaga",
        "direccion": "calle 24 # 17-41",
        "telefono": "320123470",
        "ciudad": 300,
        "email": "Virginia@email.com",
        "active": true
    }
},
{
    "model": "persona.persona",
    "pk": 1049636046,
    "fields": {
        "nombre": "Sergio",
        "apellido": "Posada",
        "direccion": "calle 24 # 17-42",
        "telefono": "320123471",
        "ciudad": 260,
        "email": "Sergio@email.com",
        "active": true
    }
},
{
    "model": "persona.persona",
    "pk": 1049636047,
    "fields": {
        "nombre": "Jorge",
        "apellido": "Zea ",
        "direccion": "calle 24 # 17-43",
        "telefono": "320123472",
        "ciudad": 247,
        "email": "Jorge@email.com",
        "active": true
    }
},
{
    "model": "persona.persona",
    "pk": 1049636048,
    "fields": {
        "nombre": "Mariana",
        "apellido": "Diaz ",
        "direccion": "calle 24 # 17-44",
        "telefono": "320123473",
        "ciudad": 227,
        "email": "Mariana@email.com",
        "active": true
    }
},
{
    "model": "persona.persona",
    "pk": 1049636049,
    "fields": {
        "nombre": "Esteban",
        "apellido": "Giraldo",
        "direccion": "calle 24 # 17-45",
        "telefono": "320123474",
        "ciudad": 214,
        "email": "Esteban@email.com",
        "active": true
    }
},
{
    "model": "persona.persona",
    "pk": 1049636050,
    "fields": {
        "nombre": "Jorge",
        "apellido": "Idarraga",
        "direccion": "calle 24 # 17-46",
        "telefono": "320123475",
        "ciudad": 325,
        "email": "Jorge@email.com",
        "active": true
    }
},
{
    "model": "persona.persona",
    "pk": 1049636051,
    "fields": {
        "nombre": "Alejandro",
        "apellido": "Simanca",
        "direccion": "calle 24 # 17-47",
        "telefono": "320123476",
        "ciudad": 330,
        "email": "Alejandro@email.com",
        "active": true
    }
},
{
    "model": "persona.persona",
    "pk": 1049636052,
    "fields": {
        "nombre": "Angelina",
        "apellido": "Pulgarin",
        "direccion": "calle 24 # 17-48",
        "telefono": "320123477",
        "ciudad": 326,
        "email": "Angelina@email.com",
        "active": true
    }
},
{
    "model": "persona.persona",
    "pk": 1049636053,
    "fields": {
        "nombre": "Brenda",
        "apellido": "Aguirre",
        "direccion": "calle 24 # 17-49",
        "telefono": "320123478",
        "ciudad": 300,
        "email": "Brenda@email.com",
        "active": true
    }
},
{
    "model": "persona.persona",
    "pk": 1049636054,
    "fields": {
        "nombre": "Gloria",
        "apellido": "Tamayo",
        "direccion": "calle 24 # 17-50",
        "telefono": "320123479",
        "ciudad": 304,
        "email": "Gloria@email.com",
        "active": true
    }
},
{
    "model": "persona.persona",
    "pk": 1049636055,
    "fields": {
        "nombre": "Andrea",
        "apellido": "Carmona ",
        "direccion": "calle 24 # 17-51",
        "telefono": "320123480",
        "ciudad": 256,
        "email": "Andrea@email.com",
        "active": true
    }
},
{
    "model": "persona.persona",
    "pk": 1049636056,
    "fields": {
        "nombre": "Lucero",
        "apellido": "Diaz ",
        "direccion": "calle 24 # 17-52",
        "telefono": "320123481",
        "ciudad": 282,
        "email": "Lucero@email.com",
        "active": true
    }
},
{
    "model": "persona.persona",
    "pk": 1049636057,
    "fields": {
        "nombre": "Angela",
        "apellido": "Alzate",
        "direccion": "calle 24 # 17-53",
        "telefono": "320123482",
        "ciudad": 221,
        "email": "Angela@email.com",
        "active": true
    }
},
{
    "model": "persona.persona",
    "pk": 1049636058,
    "fields": {
        "nombre": "Felipe",
        "apellido": "Arango",
        "direccion": "calle 24 # 17-54",
        "telefono": "320123483",
        "ciudad": 318,
        "email": "Felipe@email.com",
        "active": true
    }
},
{
    "model": "persona.persona",
    "pk": 1049636059,
    "fields": {
        "nombre": "Elena",
        "apellido": "Garces",
        "direccion": "calle 24 # 17-55",
        "telefono": "320123484",
        "ciudad": 257,
        "email": "Elena@email.com",
        "active": true
    }
},
{
    "model": "persona.persona",
    "pk": 1049636060,
    "fields": {
        "nombre": "Carmen",
        "apellido": "Uribe",
        "direccion": "calle 24 # 17-56",
        "telefono": "320123485",
        "ciudad": 263,
        "email": "Carmen@email.com",
        "active": true
    }
},
{
    "model": "persona.persona",
    "pk": 1049636061,
    "fields": {
        "nombre": "Daniel",
        "apellido": "Ospina",
        "direccion": "calle 24 # 17-57",
        "telefono": "320123486",
        "ciudad": 249,
        "email": "Daniel@email.com",
        "active": true
    }
},
{
    "model": "persona.persona",
    "pk": 1049636062,
    "fields": {
        "nombre": "Alberto",
        "apellido": "Pel\u00e1ez",
        "direccion": "calle 24 # 17-58",
        "telefono": "320123487",
        "ciudad": 226,
        "email": "Alberto@email.com",
        "active": true
    }
},
{
    "model": "persona.persona",
    "pk": 1049636063,
    "fields": {
        "nombre": "Elena",
        "apellido": "Perez",
        "direccion": "calle 24 # 17-59",
        "telefono": "320123488",
        "ciudad": 239,
        "email": "Elena@email.com",
        "active": true
    }
},
{
    "model": "persona.persona",
    "pk": 1049636064,
    "fields": {
        "nombre": "Sebastian",
        "apellido": "Carmona",
        "direccion": "calle 24 # 17-60",
        "telefono": "320123489",
        "ciudad": 320,
        "email": "Sebastian@email.com",
        "active": true
    }
},
{
    "model": "persona.persona",
    "pk": 1049636065,
    "fields": {
        "nombre": "Oscar",
        "apellido": "Cifuentes",
        "direccion": "calle 24 # 17-61",
        "telefono": "320123490",
        "ciudad": 287,
        "email": "Oscar@email.com",
        "active": true
    }
},
{
    "model": "persona.persona",
    "pk": 1049636066,
    "fields": {
        "nombre": "Santiago",
        "apellido": "Jaramillo",
        "direccion": "calle 24 # 17-62",
        "telefono": "320123491",
        "ciudad": 302,
        "email": "Santiago@email.com",
        "active": true
    }
},
{
    "model": "persona.persona",
    "pk": 1049636067,
    "fields": {
        "nombre": "Luis",
        "apellido": "Melano",
        "direccion": "calle 24 # 17-63",
        "telefono": "320123492",
        "ciudad": 336,
        "email": "Luis@email.com",
        "active": true
    }
},
{
    "model": "persona.persona",
    "pk": 1049636068,
    "fields": {
        "nombre": "Tammy",
        "apellido": "Mendez",
        "direccion": "calle 24 # 17-64",
        "telefono": "320123493",
        "ciudad": 227,
        "email": "Tammy@email.com",
        "active": true
    }
},
{
    "model": "persona.persona",
    "pk": 1049636069,
    "fields": {
        "nombre": "Tomas",
        "apellido": "Ramirez",
        "direccion": "calle 24 # 17-65",
        "telefono": "320123494",
        "ciudad": 270,
        "email": "Tomas@email.com",
        "active": true
    }
},
{
    "model": "persona.persona",
    "pk": 1049636070,
    "fields": {
        "nombre": "Felipe",
        "apellido": "Girando",
        "direccion": "calle 24 # 17-66",
        "telefono": "320123495",
        "ciudad": 275,
        "email": "Felipe@email.com",
        "active": true
    }
},
{
    "model": "persona.persona",
    "pk": 1049636071,
    "fields": {
        "nombre": "Patricia",
        "apellido": "Diez",
        "direccion": "calle 24 # 17-67",
        "telefono": "320123496",
        "ciudad": 230,
        "email": "Patricia@email.com",
        "active": true
    }
},
{
    "model": "persona.persona",
    "pk": 1049636072,
    "fields": {
        "nombre": "Luisa",
        "apellido": "Sierra",
        "direccion": "calle 24 # 17-68",
        "telefono": "320123497",
        "ciudad": 271,
        "email": "Luisa@email.com",
        "active": true
    }
},
{
    "model": "persona.persona",
    "pk": 1049636073,
    "fields": {
        "nombre": "Sara",
        "apellido": "Vallejo",
        "direccion": "calle 24 # 17-69",
        "telefono": "320123498",
        "ciudad": 284,
        "email": "Sara@email.com",
        "active": true
    }
},
{
    "model": "persona.persona",
    "pk": 1049636074,
    "fields": {
        "nombre": "Alexandra",
        "apellido": "Guerrero",
        "direccion": "calle 24 # 17-70",
        "telefono": "320123499",
        "ciudad": 236,
        "email": "Alexandra@email.com",
        "active": true
    }
},
{
    "model": "persona.persona",
    "pk": 1049636075,
    "fields": {
        "nombre": "Lisa",
        "apellido": "Guerra",
        "direccion": "calle 24 # 17-71",
        "telefono": "320123500",
        "ciudad": 300,
        "email": "Lisa@email.com",
        "active": true
    }
},
{
    "model": "persona.persona",
    "pk": 1049636076,
    "fields": {
        "nombre": "Ana Maria",
        "apellido": "Rodr\u00edguez ",
        "direccion": "calle 24 # 17-72",
        "telefono": "320123501",
        "ciudad": 246,
        "email": "Ana Maria@email.com",
        "active": true
    }
},
{
    "model": "persona.persona",
    "pk": 1049636077,
    "fields": {
        "nombre": "Sofia",
        "apellido": "Marulanda",
        "direccion": "calle 24 # 17-73",
        "telefono": "320123502",
        "ciudad": 323,
        "email": "Sofia@email.com",
        "active": true
    }
},
{
    "model": "persona.persona",
    "pk": 1049636078,
    "fields": {
        "nombre": "Paula",
        "apellido": "Palacio",
        "direccion": "calle 24 # 17-74",
        "telefono": "320123503",
        "ciudad": 244,
        "email": "Paula@email.com",
        "active": true
    }
},
{
    "model": "persona.persona",
    "pk": 1049636079,
    "fields": {
        "nombre": "Jesus",
        "apellido": "Bermudez",
        "direccion": "calle 24 # 17-75",
        "telefono": "320123504",
        "ciudad": 336,
        "email": "Jesus@email.com",
        "active": true
    }
},
{
    "model": "persona.persona",
    "pk": 1049636080,
    "fields": {
        "nombre": "Roberta",
        "apellido": "Toledo",
        "direccion": "calle 24 # 17-76",
        "telefono": "320123505",
        "ciudad": 258,
        "email": "Roberta@email.com",
        "active": true
    }
},
{
    "model": "persona.persona",
    "pk": 1049636081,
    "fields": {
        "nombre": "Tatiana",
        "apellido": "Arango",
        "direccion": "calle 24 # 17-77",
        "telefono": "320123506",
        "ciudad": 285,
        "email": "Tatiana@email.com",
        "active": true
    }
},
{
    "model": "persona.persona",
    "pk": 1049636082,
    "fields": {
        "nombre": "Melina",
        "apellido": "Acevedo",
        "direccion": "calle 24 # 17-78",
        "telefono": "320123507",
        "ciudad": 258,
        "email": "Melina@email.com",
        "active": true
    }
},
{
    "model": "persona.persona",
    "pk": 1049636083,
    "fields": {
        "nombre": "Cristina",
        "apellido": "Cock",
        "direccion": "calle 24 # 17-79",
        "telefono": "320123508",
        "ciudad": 217,
        "email": "Cristina@email.com",
        "active": true
    }
},
{
    "model": "persona.persona",
    "pk": 1049636084,
    "fields": {
        "nombre": "Manuela",
        "apellido": "Casadiegos",
        "direccion": "calle 24 # 17-80",
        "telefono": "320123509",
        "ciudad": 330,
        "email": "Manuela@email.com",
        "active": true
    }
},
{
    "model": "persona.persona",
    "pk": 1049636085,
    "fields": {
        "nombre": "Isabel",
        "apellido": "Salamanca",
        "direccion": "calle 24 # 17-81",
        "telefono": "320123510",
        "ciudad": 248,
        "email": "Isabel@email.com",
        "active": true
    }
},
{
    "model": "persona.persona",
    "pk": 1049636086,
    "fields": {
        "nombre": "Juan",
        "apellido": "Arango",
        "direccion": "calle 24 # 17-82",
        "telefono": "320123511",
        "ciudad": 243,
        "email": "Juan@email.com",
        "active": true
    }
},
{
    "model": "persona.persona",
    "pk": 1049636087,
    "fields": {
        "nombre": "Luisa",
        "apellido": "Granda",
        "direccion": "calle 24 # 17-83",
        "telefono": "320123512",
        "ciudad": 233,
        "email": "Luisa@email.com",
        "active": true
    }
},
{
    "model": "persona.persona",
    "pk": 1049636088,
    "fields": {
        "nombre": "Monica",
        "apellido": "Arango ",
        "direccion": "calle 24 # 17-84",
        "telefono": "320123513",
        "ciudad": 278,
        "email": "Monica@email.com",
        "active": true
    }
},
{
    "model": "persona.persona",
    "pk": 1049636089,
    "fields": {
        "nombre": "Federico",
        "apellido": "Arroyave",
        "direccion": "calle 24 # 17-85",
        "telefono": "320123514",
        "ciudad": 287,
        "email": "Federico@email.com",
        "active": true
    }
},
{
    "model": "persona.persona",
    "pk": 1049636090,
    "fields": {
        "nombre": "Dalia",
        "apellido": "Lemos",
        "direccion": "calle 24 # 17-86",
        "telefono": "320123515",
        "ciudad": 226,
        "email": "Dalia@email.com",
        "active": true
    }
},
{
    "model": "persona.persona",
    "pk": 1049636091,
    "fields": {
        "nombre": "Ana",
        "apellido": "Jaramillo",
        "direccion": "calle 24 # 17-87",
        "telefono": "320123516",
        "ciudad": 317,
        "email": "Ana@email.com",
        "active": true
    }
},
{
    "model": "persona.persona",
    "pk": 1049636092,
    "fields": {
        "nombre": "Maria",
        "apellido": "Lema",
        "direccion": "calle 24 # 17-88",
        "telefono": "320123517",
        "ciudad": 322,
        "email": "Maria@email.com",
        "active": true
    }
},
{
    "model": "persona.persona",
    "pk": 1049636093,
    "fields": {
        "nombre": "Diana",
        "apellido": "Caro",
        "direccion": "calle 24 # 17-89",
        "telefono": "320123518",
        "ciudad": 304,
        "email": "Diana@email.com",
        "active": true
    }
},
{
    "model": "persona.persona",
    "pk": 1049636094,
    "fields": {
        "nombre": "Amalia",
        "apellido": "Vergara",
        "direccion": "calle 24 # 17-90",
        "telefono": "320123519",
        "ciudad": 214,
        "email": "Amalia@email.com",
        "active": true
    }
},
{
    "model": "persona.persona",
    "pk": 1049636095,
    "fields": {
        "nombre": "Julian",
        "apellido": "Duque",
        "direccion": "calle 24 # 17-91",
        "telefono": "320123520",
        "ciudad": 266,
        "email": "Julian@email.com",
        "active": true
    }
},
{
    "model": "persona.persona",
    "pk": 1049636096,
    "fields": {
        "nombre": "Maritza",
        "apellido": "Mu\u00f1oz",
        "direccion": "calle 24 # 17-92",
        "telefono": "320123521",
        "ciudad": 317,
        "email": "Maritza@email.com",
        "active": true
    }
},
{
    "model": "persona.persona",
    "pk": 1049636097,
    "fields": {
        "nombre": "Andr\u00e9s",
        "apellido": "Pel\u00e1ez",
        "direccion": "calle 24 # 17-93",
        "telefono": "320123522",
        "ciudad": 301,
        "email": "Andr\u00e9s@email.com",
        "active": true
    }
},
{
    "model": "persona.persona",
    "pk": 1049636098,
    "fields": {
        "nombre": "Miguel",
        "apellido": "Sanchez",
        "direccion": "calle 24 # 17-94",
        "telefono": "320123523",
        "ciudad": 235,
        "email": "Miguel@email.com",
        "active": true
    }
},
{
    "model": "persona.persona",
    "pk": 1049636099,
    "fields": {
        "nombre": "Carolina",
        "apellido": "Cano",
        "direccion": "calle 24 # 17-95",
        "telefono": "320123524",
        "ciudad": 274,
        "email": "Carolina@email.com",
        "active": true
    }
},
{
    "model": "persona.persona",
    "pk": 1049636100,
    "fields": {
        "nombre": "Jessica",
        "apellido": "Marquez",
        "direccion": "calle 24 # 17-96",
        "telefono": "320123525",
        "ciudad": 230,
        "email": "Jessica@email.com",
        "active": true
    }
},
{
    "model": "persona.persona",
    "pk": 1049636101,
    "fields": {
        "nombre": "Samuel",
        "apellido": "Rico",
        "direccion": "calle 24 # 17-97",
        "telefono": "320123526",
        "ciudad": 332,
        "email": "Samuel@email.com",
        "active": true
    }
},
{
    "model": "persona.persona",
    "pk": 1049636102,
    "fields": {
        "nombre": "Gustavo",
        "apellido": "Mendez",
        "direccion": "calle 24 # 17-98",
        "telefono": "320123527",
        "ciudad": 263,
        "email": "Gustavo@email.com",
        "active": true
    }
},
{
    "model": "persona.persona",
    "pk": 1049636103,
    "fields": {
        "nombre": "Karina",
        "apellido": "Jimenez",
        "direccion": "calle 24 # 17-99",
        "telefono": "320123528",
        "ciudad": 254,
        "email": "Karina@email.com",
        "active": true
    }
},
{
    "model": "persona.persona",
    "pk": 1049636104,
    "fields": {
        "nombre": "Julieth",
        "apellido": "Osorio",
        "direccion": "calle 24 # 17-100",
        "telefono": "320123529",
        "ciudad": 263,
        "email": "Julieth@email.com",
        "active": true
    }
},
{
    "model": "persona.persona",
    "pk": 1049636105,
    "fields": {
        "nombre": "Lina",
        "apellido": "Villamizar",
        "direccion": "calle 24 # 17-101",
        "telefono": "320123530",
        "ciudad": 297,
        "email": "Lina@email.com",
        "active": true
    }
},
{
    "model": "persona.persona",
    "pk": 1049636106,
    "fields": {
        "nombre": "Carlos",
        "apellido": "Gomez",
        "direccion": "calle 24 # 17-102",
        "telefono": "320123531",
        "ciudad": 229,
        "email": "Carlos@email.com",
        "active": true
    }
},
{
    "model": "persona.persona",
    "pk": 1049636107,
    "fields": {
        "nombre": "Sim\u00f3n",
        "apellido": "Grac\u00eda",
        "direccion": "calle 24 # 17-103",
        "telefono": "320123532",
        "ciudad": 278,
        "email": "Sim\u00f3n@email.com",
        "active": true
    }
},
{
    "model": "persona.persona",
    "pk": 1049636108,
    "fields": {
        "nombre": "Monica",
        "apellido": "Castro",
        "direccion": "calle 24 # 17-104",
        "telefono": "320123533",
        "ciudad": 277,
        "email": "Monica@email.com",
        "active": true
    }
},
{
    "model": "persona.persona",
    "pk": 1049636109,
    "fields": {
        "nombre": "Melisa",
        "apellido": "Uribe",
        "direccion": "calle 24 # 17-105",
        "telefono": "320123534",
        "ciudad": 266,
        "email": "Melisa@email.com",
        "active": true
    }
},
{
    "model": "persona.persona",
    "pk": 1049636110,
    "fields": {
        "nombre": "Alejandra",
        "apellido": "Florez",
        "direccion": "calle 24 # 17-106",
        "telefono": "320123535",
        "ciudad": 311,
        "email": "Alejandra@email.com",
        "active": true
    }
},
{
    "model": "persona.persona",
    "pk": 1049636111,
    "fields": {
        "nombre": "Amalia",
        "apellido": "Gutierrez",
        "direccion": "calle 24 # 17-107",
        "telefono": "320123536",
        "ciudad": 308,
        "email": "Amalia@email.com",
        "active": true
    }
},
{
    "model": "persona.persona",
    "pk": 1049636112,
    "fields": {
        "nombre": "Raquel",
        "apellido": "Medina",
        "direccion": "calle 24 # 17-108",
        "telefono": "320123537",
        "ciudad": 279,
        "email": "Raquel@email.com",
        "active": true
    }
},
{
    "model": "persona.persona",
    "pk": 1049636113,
    "fields": {
        "nombre": "Gonzalo",
        "apellido": "Betancur",
        "direccion": "calle 24 # 17-109",
        "telefono": "320123538",
        "ciudad": 262,
        "email": "Gonzalo@email.com",
        "active": true
    }
},
{
    "model": "persona.persona",
    "pk": 1049636114,
    "fields": {
        "nombre": "Santiago",
        "apellido": "Betancurt",
        "direccion": "calle 24 # 17-110",
        "telefono": "320123539",
        "ciudad": 236,
        "email": "Santiago@email.com",
        "active": true
    }
},
{
    "model": "persona.persona",
    "pk": 1049636115,
    "fields": {
        "nombre": "Isabella",
        "apellido": "Marquez",
        "direccion": "calle 24 # 17-111",
        "telefono": "320123540",
        "ciudad": 312,
        "email": "Isabella@email.com",
        "active": true
    }
},
{
    "model": "persona.persona",
    "pk": 1049636116,
    "fields": {
        "nombre": "Karla",
        "apellido": "Molina",
        "direccion": "calle 24 # 17-112",
        "telefono": "320123541",
        "ciudad": 330,
        "email": "Karla@email.com",
        "active": true
    }
},
{
    "model": "persona.persona",
    "pk": 1049636117,
    "fields": {
        "nombre": "Hilda",
        "apellido": "Rodriguez",
        "direccion": "calle 24 # 17-113",
        "telefono": "320123542",
        "ciudad": 307,
        "email": "Hilda@email.com",
        "active": true
    }
},
{
    "model": "persona.persona",
    "pk": 1049636118,
    "fields": {
        "nombre": "Victoria",
        "apellido": "Hincapie",
        "direccion": "calle 24 # 17-114",
        "telefono": "320123543",
        "ciudad": 245,
        "email": "Victoria@email.com",
        "active": true
    }
},
{
    "model": "persona.persona",
    "pk": 1049636119,
    "fields": {
        "nombre": "Pablo",
        "apellido": "Rojas ",
        "direccion": "calle 24 # 17-115",
        "telefono": "320123544",
        "ciudad": 294,
        "email": "Pablo@email.com",
        "active": true
    }
},
{
    "model": "persona.persona",
    "pk": 1049636120,
    "fields": {
        "nombre": "Pamela",
        "apellido": "Serna",
        "direccion": "calle 24 # 17-116",
        "telefono": "320123545",
        "ciudad": 326,
        "email": "Pamela@email.com",
        "active": true
    }
},
{
    "model": "persona.persona",
    "pk": 1049636121,
    "fields": {
        "nombre": "Stepania",
        "apellido": "Zapata",
        "direccion": "calle 24 # 17-117",
        "telefono": "320123546",
        "ciudad": 233,
        "email": "Stepania@email.com",
        "active": true
    }
},
{
    "model": "persona.persona",
    "pk": 1049636122,
    "fields": {
        "nombre": "Manuel",
        "apellido": "Toro",
        "direccion": "calle 24 # 17-118",
        "telefono": "320123547",
        "ciudad": 252,
        "email": "Manuel@email.com",
        "active": true
    }
},
{
    "model": "persona.persona",
    "pk": 1049636123,
    "fields": {
        "nombre": "Barbara",
        "apellido": "Henao",
        "direccion": "calle 24 # 17-119",
        "telefono": "320123548",
        "ciudad": 258,
        "email": "Barbara@email.com",
        "active": true
    }
},
{
    "model": "persona.persona",
    "pk": 1049636124,
    "fields": {
        "nombre": "Leonardo",
        "apellido": "Vasquez",
        "direccion": "calle 24 # 17-120",
        "telefono": "320123549",
        "ciudad": 304,
        "email": "Leonardo@email.com",
        "active": true
    }
},
{
    "model": "persona.persona",
    "pk": 1049636125,
    "fields": {
        "nombre": "Juliana",
        "apellido": "Castrill\u00f3n",
        "direccion": "calle 24 # 17-121",
        "telefono": "320123550",
        "ciudad": 273,
        "email": "Juliana@email.com",
        "active": true
    }
},
{
    "model": "persona.persona",
    "pk": 1049636126,
    "fields": {
        "nombre": "Dinara",
        "apellido": "Lopez",
        "direccion": "calle 24 # 17-122",
        "telefono": "320123551",
        "ciudad": 242,
        "email": "Dinara@email.com",
        "active": true
    }
},
{
    "model": "persona.persona",
    "pk": 1049636127,
    "fields": {
        "nombre": "Elisa",
        "apellido": "Mota",
        "direccion": "calle 24 # 17-123",
        "telefono": "320123552",
        "ciudad": 242,
        "email": "Elisa@email.com",
        "active": true
    }
},
{
    "model": "persona.persona",
    "pk": 1049636128,
    "fields": {
        "nombre": "Alicia",
        "apellido": "Perez",
        "direccion": "calle 24 # 17-124",
        "telefono": "320123553",
        "ciudad": 303,
        "email": "Alicia@email.com",
        "active": true
    }
},
{
    "model": "persona.persona",
    "pk": 1049636129,
    "fields": {
        "nombre": "Carlos",
        "apellido": "Posada",
        "direccion": "calle 24 # 17-125",
        "telefono": "320123554",
        "ciudad": 270,
        "email": "Carlos@email.com",
        "active": true
    }
},
{
    "model": "persona.persona",
    "pk": 1049636130,
    "fields": {
        "nombre": "Mauricio",
        "apellido": "Arango",
        "direccion": "calle 24 # 17-126",
        "telefono": "320123555",
        "ciudad": 252,
        "email": "Mauricio@email.com",
        "active": true
    }
},
{
    "model": "persona.persona",
    "pk": 1049636131,
    "fields": {
        "nombre": "Adriana",
        "apellido": "Hoyos",
        "direccion": "calle 24 # 17-127",
        "telefono": "320123556",
        "ciudad": 250,
        "email": "Adriana@email.com",
        "active": true
    }
},
{
    "model": "persona.persona",
    "pk": 1049636132,
    "fields": {
        "nombre": "Miguel",
        "apellido": "Suarez",
        "direccion": "calle 24 # 17-128",
        "telefono": "320123557",
        "ciudad": 251,
        "email": "Miguel@email.com",
        "active": true
    }
},
{
    "model": "persona.persona",
    "pk": 1049636133,
    "fields": {
        "nombre": "Natalia",
        "apellido": "Aristizabal",
        "direccion": "calle 24 # 17-129",
        "telefono": "320123558",
        "ciudad": 231,
        "email": "Natalia@email.com",
        "active": true
    }
},
{
    "model": "persona.persona",
    "pk": 1049636134,
    "fields": {
        "nombre": "Camila",
        "apellido": "Dominguez ",
        "direccion": "calle 24 # 17-130",
        "telefono": "320123559",
        "ciudad": 266,
        "email": "Camila@email.com",
        "active": true
    }
},
{
    "model": "persona.persona",
    "pk": 1049636135,
    "fields": {
        "nombre": "Susana",
        "apellido": "Ruiz",
        "direccion": "calle 24 # 17-131",
        "telefono": "320123560",
        "ciudad": 263,
        "email": "Susana@email.com",
        "active": true
    }
},
{
    "model": "persona.persona",
    "pk": 1049636136,
    "fields": {
        "nombre": "Cathy",
        "apellido": "Higuita",
        "direccion": "calle 24 # 17-132",
        "telefono": "320123561",
        "ciudad": 243,
        "email": "Cathy@email.com",
        "active": true
    }
},
{
    "model": "persona.persona",
    "pk": 1049636137,
    "fields": {
        "nombre": "Catalina",
        "apellido": "Osorio",
        "direccion": "calle 24 # 17-133",
        "telefono": "320123562",
        "ciudad": 243,
        "email": "Catalina@email.com",
        "active": true
    }
},
{
    "model": "persona.persona",
    "pk": 1049636138,
    "fields": {
        "nombre": "Mariana",
        "apellido": "Gomez",
        "direccion": "calle 24 # 17-134",
        "telefono": "320123563",
        "ciudad": 320,
        "email": "Mariana@email.com",
        "active": true
    }
},
{
    "model": "persona.persona",
    "pk": 1049636139,
    "fields": {
        "nombre": "Jacobo",
        "apellido": "Bustos",
        "direccion": "calle 24 # 17-135",
        "telefono": "320123564",
        "ciudad": 258,
        "email": "Jacobo@email.com",
        "active": true
    }
},
{
    "model": "persona.persona",
    "pk": 1049636140,
    "fields": {
        "nombre": "Gabriel",
        "apellido": "Rodas",
        "direccion": "calle 24 # 17-136",
        "telefono": "320123565",
        "ciudad": 332,
        "email": "Gabriel@email.com",
        "active": true
    }
},
{
    "model": "persona.persona",
    "pk": 1049636141,
    "fields": {
        "nombre": "Sandra",
        "apellido": "Cano",
        "direccion": "calle 24 # 17-137",
        "telefono": "320123566",
        "ciudad": 270,
        "email": "Sandra@email.com",
        "active": true
    }
},
{
    "model": "persona.persona",
    "pk": 1049636142,
    "fields": {
        "nombre": "Evelyn",
        "apellido": "Diaz ",
        "direccion": "calle 24 # 17-138",
        "telefono": "320123567",
        "ciudad": 304,
        "email": "Evelyn@email.com",
        "active": true
    }
},
{
    "model": "persona.persona",
    "pk": 1049636143,
    "fields": {
        "nombre": "Juan",
        "apellido": "Hernandez ",
        "direccion": "calle 24 # 17-139",
        "telefono": "320123568",
        "ciudad": 214,
        "email": "Juan@email.com",
        "active": true
    }
},
{
    "model": "persona.persona",
    "pk": 1049636144,
    "fields": {
        "nombre": "David",
        "apellido": "Jaramillo",
        "direccion": "calle 24 # 17-140",
        "telefono": "320123569",
        "ciudad": 326,
        "email": "David@email.com",
        "active": true
    }
},
{
    "model": "proceso.tipo",
    "pk": 1,
    "fields": {
        "nombre": "Breve"
    }
},
{
    "model": "proceso.tipo",
    "pk": 2,
    "fields": {
        "nombre": "Documental"
    }
},
{
    "model": "proceso.tipo",
    "pk": 3,
    "fields": {
        "nombre": "Ordinario"
    }
},
{
    "model": "proceso.tipo",
    "pk": 4,
    "fields": {
        "nombre": "Rato y no Consumado"
    }
},
{
    "model": "proceso.diocesi",
    "pk": 1,
    "fields": {
        "nombre": "Tunja"
    }
},
{
    "model": "proceso.diocesi",
    "pk": 2,
    "fields": {
        "nombre": "Duitama - Sogamoso"
    }
},
{
    "model": "proceso.diocesi",
    "pk": 3,
    "fields": {
        "nombre": "Garagoa"
    }
},
{
    "model": "proceso.diocesi",
    "pk": 4,
    "fields": {
        "nombre": "Chiquinquira"
    }
},
{
    "model": "proceso.diocesi",
    "pk": 5,
    "fields": {
        "nombre": "Trinidad"
    }
},
{
    "model": "proceso.diocesi",
    "pk": 6,
    "fields": {
        "nombre": "Yopal"
    }
},
{
    "model": "proceso.diocesi",
    "pk": 7,
    "fields": {
        "nombre": "Otra"
    }
},
{
    "model": "proceso.proceso",
    "pk": 1032018,
    "fields": {
        "expediente": "01/20",
        "nombre": "PROCESO20",
        "fecha": "2018-03-01",
        "presidente": null,
        "defensor": null,
        "juez1": null,
        "juez2": null,
        "demandante": null,
        "demandado": null,
        "notario": null,
        "observacion": null,
        "tipo": 1,
        "diocesis": 4,
        "created_at": "2018-03-01T05:00:00Z",
        "active": true
    }
},
{
    "model": "proceso.proceso",
    "pk": 1062019,
    "fields": {
        "expediente": "01/79",
        "nombre": "PROCESO79",
        "fecha": "2019-06-01",
        "presidente": null,
        "defensor": null,
        "juez1": null,
        "juez2": null,
        "demandante": null,
        "demandado": null,
        "notario": null,
        "observacion": null,
        "tipo": 4,
        "diocesis": 3,
        "created_at": "2019-06-01T05:00:00Z",
        "active": true
    }
},
{
    "model": "proceso.proceso",
    "pk": 1102011,
    "fields": {
        "expediente": "01/27",
        "nombre": "PROCESO27",
        "fecha": "2011-10-01",
        "presidente": null,
        "defensor": null,
        "juez1": null,
        "juez2": null,
        "demandante": null,
        "demandado": null,
        "notario": null,
        "observacion": null,
        "tipo": 2,
        "diocesis": 6,
        "created_at": "2011-10-01T05:00:00Z",
        "active": true
    }
},
{
    "model": "proceso.proceso",
    "pk": 2012007,
    "fields": {
        "expediente": "01/40",
        "nombre": "PROCESO40",
        "fecha": "2007-01-02",
        "presidente": null,
        "defensor": null,
        "juez1": null,
        "juez2": null,
        "demandante": null,
        "demandado": null,
        "notario": null,
        "observacion": null,
        "tipo": 1,
        "diocesis": 6,
        "created_at": "2007-01-02T05:00:00Z",
        "active": true
    }
},
{
    "model": "proceso.proceso",
    "pk": 2032008,
    "fields": {
        "expediente": "01/35",
        "nombre": "PROCESO35",
        "fecha": "2008-03-02",
        "presidente": null,
        "defensor": null,
        "juez1": null,
        "juez2": null,
        "demandante": null,
        "demandado": null,
        "notario": null,
        "observacion": null,
        "tipo": 1,
        "diocesis": 6,
        "created_at": "2008-03-02T05:00:00Z",
        "active": true
    }
},
{
    "model": "proceso.proceso",
    "pk": 3062005,
    "fields": {
        "expediente": "01/03",
        "nombre": "PROCESO03",
        "fecha": "2005-06-03",
        "presidente": null,
        "defensor": null,
        "juez1": null,
        "juez2": null,
        "demandante": null,
        "demandado": null,
        "notario": null,
        "observacion": null,
        "tipo": 2,
        "diocesis": 1,
        "created_at": "2005-06-03T05:00:00Z",
        "active": true
    }
},
{
    "model": "proceso.proceso",
    "pk": 3092010,
    "fields": {
        "expediente": "01/71",
        "nombre": "PROCESO71",
        "fecha": "2010-09-03",
        "presidente": null,
        "defensor": null,
        "juez1": null,
        "juez2": null,
        "demandante": null,
        "demandado": null,
        "notario": null,
        "observacion": null,
        "tipo": 3,
        "diocesis": 4,
        "created_at": "2010-09-03T05:00:00Z",
        "active": true
    }
},
{
    "model": "proceso.proceso",
    "pk": 4012007,
    "fields": {
        "expediente": "01/01",
        "nombre": "PROCESO01",
        "fecha": "2007-01-04",
        "presidente": null,
        "defensor": null,
        "juez1": null,
        "juez2": null,
        "demandante": null,
        "demandado": null,
        "notario": null,
        "observacion": null,
        "tipo": 3,
        "diocesis": 6,
        "created_at": "2007-01-04T05:00:00Z",
        "active": true
    }
},
{
    "model": "proceso.proceso",
    "pk": 4012013,
    "fields": {
        "expediente": "01/23",
        "nombre": "PROCESO23",
        "fecha": "2013-01-04",
        "presidente": null,
        "defensor": null,
        "juez1": null,
        "juez2": null,
        "demandante": null,
        "demandado": null,
        "notario": null,
        "observacion": null,
        "tipo": 4,
        "diocesis": 4,
        "created_at": "2013-01-04T05:00:00Z",
        "active": true
    }
},
{
    "model": "proceso.proceso",
    "pk": 4062010,
    "fields": {
        "expediente": "01/96",
        "nombre": "PROCESO96",
        "fecha": "2010-06-04",
        "presidente": null,
        "defensor": null,
        "juez1": null,
        "juez2": null,
        "demandante": null,
        "demandado": null,
        "notario": null,
        "observacion": null,
        "tipo": 3,
        "diocesis": 3,
        "created_at": "2010-06-04T05:00:00Z",
        "active": true
    }
},
{
    "model": "proceso.proceso",
    "pk": 5032018,
    "fields": {
        "expediente": "01/81",
        "nombre": "PROCESO81",
        "fecha": "2018-03-05",
        "presidente": null,
        "defensor": null,
        "juez1": null,
        "juez2": null,
        "demandante": null,
        "demandado": null,
        "notario": null,
        "observacion": null,
        "tipo": 2,
        "diocesis": 4,
        "created_at": "2018-03-05T05:00:00Z",
        "active": true
    }
},
{
    "model": "proceso.proceso",
    "pk": 5092008,
    "fields": {
        "expediente": "01/38",
        "nombre": "PROCESO38",
        "fecha": "2008-09-05",
        "presidente": null,
        "defensor": null,
        "juez1": null,
        "juez2": null,
        "demandante": null,
        "demandado": null,
        "notario": null,
        "observacion": null,
        "tipo": 2,
        "diocesis": 2,
        "created_at": "2008-09-05T05:00:00Z",
        "active": true
    }
},
{
    "model": "proceso.proceso",
    "pk": 5102020,
    "fields": {
        "expediente": "01/14",
        "nombre": "PROCESO14",
        "fecha": "2020-10-05",
        "presidente": null,
        "defensor": null,
        "juez1": null,
        "juez2": null,
        "demandante": null,
        "demandado": null,
        "notario": null,
        "observacion": null,
        "tipo": 2,
        "diocesis": 5,
        "created_at": "2020-10-05T05:00:00Z",
        "active": true
    }
},
{
    "model": "proceso.proceso",
    "pk": 6022017,
    "fields": {
        "expediente": "01/97",
        "nombre": "PROCESO97",
        "fecha": "2017-02-06",
        "presidente": null,
        "defensor": null,
        "juez1": null,
        "juez2": null,
        "demandante": null,
        "demandado": null,
        "notario": null,
        "observacion": null,
        "tipo": 1,
        "diocesis": 1,
        "created_at": "2017-02-06T05:00:00Z",
        "active": true
    }
},
{
    "model": "proceso.proceso",
    "pk": 6022019,
    "fields": {
        "expediente": "01/98",
        "nombre": "PROCESO98",
        "fecha": "2019-02-06",
        "presidente": null,
        "defensor": null,
        "juez1": null,
        "juez2": null,
        "demandante": null,
        "demandado": null,
        "notario": null,
        "observacion": null,
        "tipo": 1,
        "diocesis": 6,
        "created_at": "2019-02-06T05:00:00Z",
        "active": true
    }
},
{
    "model": "proceso.proceso",
    "pk": 6032016,
    "fields": {
        "expediente": "01/05",
        "nombre": "PROCESO05",
        "fecha": "2016-03-06",
        "presidente": null,
        "defensor": null,
        "juez1": null,
        "juez2": null,
        "demandante": null,
        "demandado": null,
        "notario": null,
        "observacion": null,
        "tipo": 1,
        "diocesis": 6,
        "created_at": "2016-03-06T05:00:00Z",
        "active": true
    }
},
{
    "model": "proceso.proceso",
    "pk": 6032020,
    "fields": {
        "expediente": "01/80",
        "nombre": "PROCESO80",
        "fecha": "2020-03-06",
        "presidente": null,
        "defensor": null,
        "juez1": null,
        "juez2": null,
        "demandante": null,
        "demandado": null,
        "notario": null,
        "observacion": null,
        "tipo": 1,
        "diocesis": 4,
        "created_at": "2020-03-06T05:00:00Z",
        "active": true
    }
},
{
    "model": "proceso.proceso",
    "pk": 6052008,
    "fields": {
        "expediente": "01/47",
        "nombre": "PROCESO47",
        "fecha": "2008-05-06",
        "presidente": null,
        "defensor": null,
        "juez1": null,
        "juez2": null,
        "demandante": null,
        "demandado": null,
        "notario": null,
        "observacion": null,
        "tipo": 3,
        "diocesis": 3,
        "created_at": "2008-05-06T05:00:00Z",
        "active": true
    }
},
{
    "model": "proceso.proceso",
    "pk": 6112016,
    "fields": {
        "expediente": "01/24",
        "nombre": "PROCESO24",
        "fecha": "2016-11-06",
        "presidente": null,
        "defensor": null,
        "juez1": null,
        "juez2": null,
        "demandante": null,
        "demandado": null,
        "notario": null,
        "observacion": null,
        "tipo": 3,
        "diocesis": 4,
        "created_at": "2016-11-06T05:00:00Z",
        "active": true
    }
},
{
    "model": "proceso.proceso",
    "pk": 7032005,
    "fields": {
        "expediente": "01/44",
        "nombre": "PROCESO44",
        "fecha": "2005-03-07",
        "presidente": null,
        "defensor": null,
        "juez1": null,
        "juez2": null,
        "demandante": null,
        "demandado": null,
        "notario": null,
        "observacion": null,
        "tipo": 4,
        "diocesis": 1,
        "created_at": "2005-03-07T05:00:00Z",
        "active": true
    }
},
{
    "model": "proceso.proceso",
    "pk": 7032010,
    "fields": {
        "expediente": "01/32",
        "nombre": "PROCESO32",
        "fecha": "2010-03-07",
        "presidente": null,
        "defensor": null,
        "juez1": null,
        "juez2": null,
        "demandante": null,
        "demandado": null,
        "notario": null,
        "observacion": null,
        "tipo": 4,
        "diocesis": 3,
        "created_at": "2010-03-07T05:00:00Z",
        "active": true
    }
},
{
    "model": "proceso.proceso",
    "pk": 7102006,
    "fields": {
        "expediente": "01/65",
        "nombre": "PROCESO65",
        "fecha": "2006-10-07",
        "presidente": null,
        "defensor": null,
        "juez1": null,
        "juez2": null,
        "demandante": null,
        "demandado": null,
        "notario": null,
        "observacion": null,
        "tipo": 1,
        "diocesis": 6,
        "created_at": "2006-10-07T05:00:00Z",
        "active": true
    }
},
{
    "model": "proceso.proceso",
    "pk": 7122011,
    "fields": {
        "expediente": "01/06",
        "nombre": "PROCESO06",
        "fecha": "2011-12-07",
        "presidente": null,
        "defensor": null,
        "juez1": null,
        "juez2": null,
        "demandante": null,
        "demandado": null,
        "notario": null,
        "observacion": null,
        "tipo": 2,
        "diocesis": 6,
        "created_at": "2011-12-07T05:00:00Z",
        "active": true
    }
},
{
    "model": "proceso.proceso",
    "pk": 8012014,
    "fields": {
        "expediente": "01/12",
        "nombre": "PROCESO12",
        "fecha": "2014-01-08",
        "presidente": null,
        "defensor": null,
        "juez1": null,
        "juez2": null,
        "demandante": null,
        "demandado": null,
        "notario": null,
        "observacion": null,
        "tipo": 2,
        "diocesis": 3,
        "created_at": "2014-01-08T05:00:00Z",
        "active": true
    }
},
{
    "model": "proceso.proceso",
    "pk": 9022017,
    "fields": {
        "expediente": "01/93",
        "nombre": "PROCESO93",
        "fecha": "2017-02-09",
        "presidente": null,
        "defensor": null,
        "juez1": null,
        "juez2": null,
        "demandante": null,
        "demandado": null,
        "notario": null,
        "observacion": null,
        "tipo": 2,
        "diocesis": 6,
        "created_at": "2017-02-09T05:00:00Z",
        "active": true
    }
},
{
    "model": "proceso.proceso",
    "pk": 9032006,
    "fields": {
        "expediente": "01/76",
        "nombre": "PROCESO76",
        "fecha": "2006-03-09",
        "presidente": null,
        "defensor": null,
        "juez1": null,
        "juez2": null,
        "demandante": null,
        "demandado": null,
        "notario": null,
        "observacion": null,
        "tipo": 2,
        "diocesis": 1,
        "created_at": "2006-03-09T05:00:00Z",
        "active": true
    }
},
{
    "model": "proceso.proceso",
    "pk": 9032015,
    "fields": {
        "expediente": "01/13",
        "nombre": "PROCESO13",
        "fecha": "2015-03-09",
        "presidente": null,
        "defensor": null,
        "juez1": null,
        "juez2": null,
        "demandante": null,
        "demandado": null,
        "notario": null,
        "observacion": null,
        "tipo": 3,
        "diocesis": 6,
        "created_at": "2015-03-09T05:00:00Z",
        "active": true
    }
},
{
    "model": "proceso.proceso",
    "pk": 9052013,
    "fields": {
        "expediente": "01/09",
        "nombre": "PROCESO09",
        "fecha": "2013-05-09",
        "presidente": null,
        "defensor": null,
        "juez1": null,
        "juez2": null,
        "demandante": null,
        "demandado": null,
        "notario": null,
        "observacion": null,
        "tipo": 2,
        "diocesis": 1,
        "created_at": "2013-05-09T05:00:00Z",
        "active": true
    }
},
{
    "model": "proceso.proceso",
    "pk": 9082016,
    "fields": {
        "expediente": "01/55",
        "nombre": "PROCESO55",
        "fecha": "2016-08-09",
        "presidente": null,
        "defensor": null,
        "juez1": null,
        "juez2": null,
        "demandante": null,
        "demandado": null,
        "notario": null,
        "observacion": null,
        "tipo": 2,
        "diocesis": 1,
        "created_at": "2016-08-09T05:00:00Z",
        "active": true
    }
},
{
    "model": "proceso.proceso",
    "pk": 9102013,
    "fields": {
        "expediente": "01/82",
        "nombre": "PROCESO82",
        "fecha": "2013-10-09",
        "presidente": null,
        "defensor": null,
        "juez1": null,
        "juez2": null,
        "demandante": null,
        "demandado": null,
        "notario": null,
        "observacion": null,
        "tipo": 1,
        "diocesis": 1,
        "created_at": "2013-10-09T05:00:00Z",
        "active": true
    }
},
{
    "model": "proceso.proceso",
    "pk": 9122012,
    "fields": {
        "expediente": "01/74",
        "nombre": "PROCESO74",
        "fecha": "2012-12-09",
        "presidente": null,
        "defensor": null,
        "juez1": null,
        "juez2": null,
        "demandante": null,
        "demandado": null,
        "notario": null,
        "observacion": null,
        "tipo": 2,
        "diocesis": 2,
        "created_at": "2012-12-09T05:00:00Z",
        "active": true
    }
},
{
    "model": "proceso.proceso",
    "pk": 10012008,
    "fields": {
        "expediente": "01/94",
        "nombre": "PROCESO94",
        "fecha": "2008-01-10",
        "presidente": null,
        "defensor": null,
        "juez1": null,
        "juez2": null,
        "demandante": null,
        "demandado": null,
        "notario": null,
        "observacion": null,
        "tipo": 3,
        "diocesis": 1,
        "created_at": "2008-01-10T05:00:00Z",
        "active": true
    }
},
{
    "model": "proceso.proceso",
    "pk": 10012014,
    "fields": {
        "expediente": "01/58",
        "nombre": "PROCESO58",
        "fecha": "2014-01-10",
        "presidente": null,
        "defensor": null,
        "juez1": null,
        "juez2": null,
        "demandante": null,
        "demandado": null,
        "notario": null,
        "observacion": null,
        "tipo": 2,
        "diocesis": 1,
        "created_at": "2014-01-10T05:00:00Z",
        "active": true
    }
},
{
    "model": "proceso.proceso",
    "pk": 10092010,
    "fields": {
        "expediente": "01/89",
        "nombre": "PROCESO89",
        "fecha": "2010-09-10",
        "presidente": null,
        "defensor": null,
        "juez1": null,
        "juez2": null,
        "demandante": null,
        "demandado": null,
        "notario": null,
        "observacion": null,
        "tipo": 1,
        "diocesis": 6,
        "created_at": "2010-09-10T05:00:00Z",
        "active": true
    }
},
{
    "model": "proceso.proceso",
    "pk": 10122011,
    "fields": {
        "expediente": "01/53",
        "nombre": "PROCESO53",
        "fecha": "2011-12-10",
        "presidente": null,
        "defensor": null,
        "juez1": null,
        "juez2": null,
        "demandante": null,
        "demandado": null,
        "notario": null,
        "observacion": null,
        "tipo": 3,
        "diocesis": 1,
        "created_at": "2011-12-10T05:00:00Z",
        "active": true
    }
},
{
    "model": "proceso.proceso",
    "pk": 11012018,
    "fields": {
        "expediente": "01/36",
        "nombre": "PROCESO36",
        "fecha": "2018-01-11",
        "presidente": null,
        "defensor": null,
        "juez1": null,
        "juez2": null,
        "demandante": null,
        "demandado": null,
        "notario": null,
        "observacion": null,
        "tipo": 3,
        "diocesis": 2,
        "created_at": "2018-01-11T05:00:00Z",
        "active": true
    }
},
{
    "model": "proceso.proceso",
    "pk": 11022006,
    "fields": {
        "expediente": "01/34",
        "nombre": "PROCESO34",
        "fecha": "2006-02-11",
        "presidente": null,
        "defensor": null,
        "juez1": null,
        "juez2": null,
        "demandante": null,
        "demandado": null,
        "notario": null,
        "observacion": null,
        "tipo": 2,
        "diocesis": 5,
        "created_at": "2006-02-11T05:00:00Z",
        "active": true
    }
},
{
    "model": "proceso.proceso",
    "pk": 11032010,
    "fields": {
        "expediente": "01/31",
        "nombre": "PROCESO31",
        "fecha": "2010-03-11",
        "presidente": null,
        "defensor": null,
        "juez1": null,
        "juez2": null,
        "demandante": null,
        "demandado": null,
        "notario": null,
        "observacion": null,
        "tipo": 1,
        "diocesis": 6,
        "created_at": "2010-03-11T05:00:00Z",
        "active": true
    }
},
{
    "model": "proceso.proceso",
    "pk": 11042010,
    "fields": {
        "expediente": "01/70",
        "nombre": "PROCESO70",
        "fecha": "2010-04-11",
        "presidente": null,
        "defensor": null,
        "juez1": null,
        "juez2": null,
        "demandante": null,
        "demandado": null,
        "notario": null,
        "observacion": null,
        "tipo": 2,
        "diocesis": 3,
        "created_at": "2010-04-11T05:00:00Z",
        "active": true
    }
},
{
    "model": "proceso.proceso",
    "pk": 11112005,
    "fields": {
        "expediente": "01/64",
        "nombre": "PROCESO64",
        "fecha": "2005-11-11",
        "presidente": null,
        "defensor": null,
        "juez1": null,
        "juez2": null,
        "demandante": null,
        "demandado": null,
        "notario": null,
        "observacion": null,
        "tipo": 4,
        "diocesis": 1,
        "created_at": "2005-11-11T05:00:00Z",
        "active": true
    }
},
{
    "model": "proceso.proceso",
    "pk": 12062012,
    "fields": {
        "expediente": "01/51",
        "nombre": "PROCESO51",
        "fecha": "2012-06-12",
        "presidente": null,
        "defensor": null,
        "juez1": null,
        "juez2": null,
        "demandante": null,
        "demandado": null,
        "notario": null,
        "observacion": null,
        "tipo": 1,
        "diocesis": 6,
        "created_at": "2012-06-12T05:00:00Z",
        "active": true
    }
},
{
    "model": "proceso.proceso",
    "pk": 12072013,
    "fields": {
        "expediente": "01/57",
        "nombre": "PROCESO57",
        "fecha": "2013-07-12",
        "presidente": null,
        "defensor": null,
        "juez1": null,
        "juez2": null,
        "demandante": null,
        "demandado": null,
        "notario": null,
        "observacion": null,
        "tipo": 3,
        "diocesis": 2,
        "created_at": "2013-07-12T05:00:00Z",
        "active": true
    }
},
{
    "model": "proceso.proceso",
    "pk": 12082011,
    "fields": {
        "expediente": "01/75",
        "nombre": "PROCESO75",
        "fecha": "2011-08-12",
        "presidente": null,
        "defensor": null,
        "juez1": null,
        "juez2": null,
        "demandante": null,
        "demandado": null,
        "notario": null,
        "observacion": null,
        "tipo": 2,
        "diocesis": 2,
        "created_at": "2011-08-12T05:00:00Z",
        "active": true
    }
},
{
    "model": "proceso.proceso",
    "pk": 12092016,
    "fields": {
        "expediente": "01/16",
        "nombre": "PROCESO16",
        "fecha": "2016-09-12",
        "presidente": null,
        "defensor": null,
        "juez1": null,
        "juez2": null,
        "demandante": null,
        "demandado": null,
        "notario": null,
        "observacion": null,
        "tipo": 4,
        "diocesis": 3,
        "created_at": "2016-09-12T05:00:00Z",
        "active": true
    }
},
{
    "model": "proceso.proceso",
    "pk": 13012014,
    "fields": {
        "expediente": "01/10",
        "nombre": "PROCESO10",
        "fecha": "2014-01-13",
        "presidente": null,
        "defensor": null,
        "juez1": null,
        "juez2": null,
        "demandante": null,
        "demandado": null,
        "notario": null,
        "observacion": null,
        "tipo": 1,
        "diocesis": 1,
        "created_at": "2014-01-13T05:00:00Z",
        "active": true
    }
},
{
    "model": "proceso.proceso",
    "pk": 13012016,
    "fields": {
        "expediente": "01/37",
        "nombre": "PROCESO37",
        "fecha": "2016-01-13",
        "presidente": null,
        "defensor": null,
        "juez1": null,
        "juez2": null,
        "demandante": null,
        "demandado": null,
        "notario": null,
        "observacion": null,
        "tipo": 2,
        "diocesis": 6,
        "created_at": "2016-01-13T05:00:00Z",
        "active": true
    }
},
{
    "model": "proceso.proceso",
    "pk": 13072019,
    "fields": {
        "expediente": "01/48",
        "nombre": "PROCESO48",
        "fecha": "2019-07-13",
        "presidente": null,
        "defensor": null,
        "juez1": null,
        "juez2": null,
        "demandante": null,
        "demandado": null,
        "notario": null,
        "observacion": null,
        "tipo": 2,
        "diocesis": 3,
        "created_at": "2019-07-13T05:00:00Z",
        "active": true
    }
},
{
    "model": "proceso.proceso",
    "pk": 13112008,
    "fields": {
        "expediente": "01/59",
        "nombre": "PROCESO59",
        "fecha": "2008-11-13",
        "presidente": null,
        "defensor": null,
        "juez1": null,
        "juez2": null,
        "demandante": null,
        "demandado": null,
        "notario": null,
        "observacion": null,
        "tipo": 3,
        "diocesis": 6,
        "created_at": "2008-11-13T05:00:00Z",
        "active": true
    }
},
{
    "model": "proceso.proceso",
    "pk": 14092015,
    "fields": {
        "expediente": "01/18",
        "nombre": "PROCESO18",
        "fecha": "2015-09-14",
        "presidente": null,
        "defensor": null,
        "juez1": null,
        "juez2": null,
        "demandante": null,
        "demandado": null,
        "notario": null,
        "observacion": null,
        "tipo": 1,
        "diocesis": 1,
        "created_at": "2015-09-14T05:00:00Z",
        "active": true
    }
},
{
    "model": "proceso.proceso",
    "pk": 15012008,
    "fields": {
        "expediente": "01/26",
        "nombre": "PROCESO26",
        "fecha": "2008-01-15",
        "presidente": null,
        "defensor": null,
        "juez1": null,
        "juez2": null,
        "demandante": null,
        "demandado": null,
        "notario": null,
        "observacion": null,
        "tipo": 3,
        "diocesis": 4,
        "created_at": "2008-01-15T05:00:00Z",
        "active": true
    }
},
{
    "model": "proceso.proceso",
    "pk": 15032009,
    "fields": {
        "expediente": "01/95",
        "nombre": "PROCESO95",
        "fecha": "2009-03-15",
        "presidente": null,
        "defensor": null,
        "juez1": null,
        "juez2": null,
        "demandante": null,
        "demandado": null,
        "notario": null,
        "observacion": null,
        "tipo": 4,
        "diocesis": 6,
        "created_at": "2009-03-15T05:00:00Z",
        "active": true
    }
},
{
    "model": "proceso.proceso",
    "pk": 15082014,
    "fields": {
        "expediente": "01/04",
        "nombre": "PROCESO04",
        "fecha": "2014-08-15",
        "presidente": null,
        "defensor": null,
        "juez1": null,
        "juez2": null,
        "demandante": null,
        "demandado": null,
        "notario": null,
        "observacion": null,
        "tipo": 2,
        "diocesis": 3,
        "created_at": "2014-08-15T05:00:00Z",
        "active": true
    }
},
{
    "model": "proceso.proceso",
    "pk": 15102019,
    "fields": {
        "expediente": "01/72",
        "nombre": "PROCESO72",
        "fecha": "2019-10-15",
        "presidente": null,
        "defensor": null,
        "juez1": null,
        "juez2": null,
        "demandante": null,
        "demandado": null,
        "notario": null,
        "observacion": null,
        "tipo": 1,
        "diocesis": 2,
        "created_at": "2019-10-15T05:00:00Z",
        "active": true
    }
},
{
    "model": "proceso.proceso",
    "pk": 15122015,
    "fields": {
        "expediente": "01/90",
        "nombre": "PROCESO90",
        "fecha": "2015-12-15",
        "presidente": null,
        "defensor": null,
        "juez1": null,
        "juez2": null,
        "demandante": null,
        "demandado": null,
        "notario": null,
        "observacion": null,
        "tipo": 2,
        "diocesis": 1,
        "created_at": "2015-12-15T05:00:00Z",
        "active": true
    }
},
{
    "model": "proceso.proceso",
    "pk": 16012006,
    "fields": {
        "expediente": "01/50",
        "nombre": "PROCESO50",
        "fecha": "2006-01-16",
        "presidente": null,
        "defensor": null,
        "juez1": null,
        "juez2": null,
        "demandante": null,
        "demandado": null,
        "notario": null,
        "observacion": null,
        "tipo": 1,
        "diocesis": 1,
        "created_at": "2006-01-16T05:00:00Z",
        "active": true
    }
},
{
    "model": "proceso.proceso",
    "pk": 16032005,
    "fields": {
        "expediente": "01/63",
        "nombre": "PROCESO63",
        "fecha": "2005-03-16",
        "presidente": null,
        "defensor": null,
        "juez1": null,
        "juez2": null,
        "demandante": null,
        "demandado": null,
        "notario": null,
        "observacion": null,
        "tipo": 4,
        "diocesis": 1,
        "created_at": "2005-03-16T05:00:00Z",
        "active": true
    }
},
{
    "model": "proceso.proceso",
    "pk": 16092019,
    "fields": {
        "expediente": "01/88",
        "nombre": "PROCESO88",
        "fecha": "2019-09-16",
        "presidente": null,
        "defensor": null,
        "juez1": null,
        "juez2": null,
        "demandante": null,
        "demandado": null,
        "notario": null,
        "observacion": null,
        "tipo": 2,
        "diocesis": 4,
        "created_at": "2019-09-16T05:00:00Z",
        "active": true
    }
},
{
    "model": "proceso.proceso",
    "pk": 17012018,
    "fields": {
        "expediente": "01/02",
        "nombre": "PROCESO02",
        "fecha": "2018-01-17",
        "presidente": null,
        "defensor": null,
        "juez1": null,
        "juez2": null,
        "demandante": null,
        "demandado": null,
        "notario": null,
        "observacion": null,
        "tipo": 3,
        "diocesis": 5,
        "created_at": "2018-01-17T05:00:00Z",
        "active": true
    }
},
{
    "model": "proceso.proceso",
    "pk": 17072006,
    "fields": {
        "expediente": "01/17",
        "nombre": "PROCESO17",
        "fecha": "2006-07-17",
        "presidente": null,
        "defensor": null,
        "juez1": null,
        "juez2": null,
        "demandante": null,
        "demandado": null,
        "notario": null,
        "observacion": null,
        "tipo": 4,
        "diocesis": 5,
        "created_at": "2006-07-17T05:00:00Z",
        "active": true
    }
},
{
    "model": "proceso.proceso",
    "pk": 17072010,
    "fields": {
        "expediente": "01/61",
        "nombre": "PROCESO61",
        "fecha": "2010-07-17",
        "presidente": null,
        "defensor": null,
        "juez1": null,
        "juez2": null,
        "demandante": null,
        "demandado": null,
        "notario": null,
        "observacion": null,
        "tipo": 3,
        "diocesis": 2,
        "created_at": "2010-07-17T05:00:00Z",
        "active": true
    }
},
{
    "model": "proceso.proceso",
    "pk": 17112007,
    "fields": {
        "expediente": "01/60",
        "nombre": "PROCESO60",
        "fecha": "2007-11-17",
        "presidente": null,
        "defensor": null,
        "juez1": null,
        "juez2": null,
        "demandante": null,
        "demandado": null,
        "notario": null,
        "observacion": null,
        "tipo": 1,
        "diocesis": 3,
        "created_at": "2007-11-17T05:00:00Z",
        "active": true
    }
},
{
    "model": "proceso.proceso",
    "pk": 18052010,
    "fields": {
        "expediente": "01/29",
        "nombre": "PROCESO29",
        "fecha": "2010-05-18",
        "presidente": null,
        "defensor": null,
        "juez1": null,
        "juez2": null,
        "demandante": null,
        "demandado": null,
        "notario": null,
        "observacion": null,
        "tipo": 1,
        "diocesis": 1,
        "created_at": "2010-05-18T05:00:00Z",
        "active": true
    }
},
{
    "model": "proceso.proceso",
    "pk": 18122018,
    "fields": {
        "expediente": "01/91",
        "nombre": "PROCESO91",
        "fecha": "2018-12-18",
        "presidente": null,
        "defensor": null,
        "juez1": null,
        "juez2": null,
        "demandante": null,
        "demandado": null,
        "notario": null,
        "observacion": null,
        "tipo": 2,
        "diocesis": 5,
        "created_at": "2018-12-18T05:00:00Z",
        "active": true
    }
},
{
    "model": "proceso.proceso",
    "pk": 19022018,
    "fields": {
        "expediente": "01/45",
        "nombre": "PROCESO45",
        "fecha": "2018-02-19",
        "presidente": null,
        "defensor": null,
        "juez1": null,
        "juez2": null,
        "demandante": null,
        "demandado": null,
        "notario": null,
        "observacion": null,
        "tipo": 3,
        "diocesis": 1,
        "created_at": "2018-02-19T05:00:00Z",
        "active": true
    }
},
{
    "model": "proceso.proceso",
    "pk": 19052016,
    "fields": {
        "expediente": "01/33",
        "nombre": "PROCESO33",
        "fecha": "2016-05-19",
        "presidente": null,
        "defensor": null,
        "juez1": null,
        "juez2": null,
        "demandante": null,
        "demandado": null,
        "notario": null,
        "observacion": null,
        "tipo": 1,
        "diocesis": 5,
        "created_at": "2016-05-19T05:00:00Z",
        "active": true
    }
},
{
    "model": "proceso.proceso",
    "pk": 19092015,
    "fields": {
        "expediente": "01/25",
        "nombre": "PROCESO25",
        "fecha": "2015-09-19",
        "presidente": null,
        "defensor": null,
        "juez1": null,
        "juez2": null,
        "demandante": null,
        "demandado": null,
        "notario": null,
        "observacion": null,
        "tipo": 1,
        "diocesis": 2,
        "created_at": "2015-09-19T05:00:00Z",
        "active": true
    }
},
{
    "model": "proceso.proceso",
    "pk": 19112005,
    "fields": {
        "expediente": "01/19",
        "nombre": "PROCESO19",
        "fecha": "2005-11-19",
        "presidente": null,
        "defensor": null,
        "juez1": null,
        "juez2": null,
        "demandante": null,
        "demandado": null,
        "notario": null,
        "observacion": null,
        "tipo": 4,
        "diocesis": 5,
        "created_at": "2005-11-19T05:00:00Z",
        "active": true
    }
},
{
    "model": "proceso.proceso",
    "pk": 20022011,
    "fields": {
        "expediente": "01/54",
        "nombre": "PROCESO54",
        "fecha": "2011-02-20",
        "presidente": null,
        "defensor": null,
        "juez1": null,
        "juez2": null,
        "demandante": null,
        "demandado": null,
        "notario": null,
        "observacion": null,
        "tipo": 2,
        "diocesis": 6,
        "created_at": "2011-02-20T05:00:00Z",
        "active": true
    }
},
{
    "model": "proceso.proceso",
    "pk": 20032017,
    "fields": {
        "expediente": "01/66",
        "nombre": "PROCESO66",
        "fecha": "2017-03-20",
        "presidente": null,
        "defensor": null,
        "juez1": null,
        "juez2": null,
        "demandante": null,
        "demandado": null,
        "notario": null,
        "observacion": null,
        "tipo": 1,
        "diocesis": 6,
        "created_at": "2017-03-20T05:00:00Z",
        "active": true
    }
},
{
    "model": "proceso.proceso",
    "pk": 20042013,
    "fields": {
        "expediente": "01/41",
        "nombre": "PROCESO41",
        "fecha": "2013-04-20",
        "presidente": null,
        "defensor": null,
        "juez1": null,
        "juez2": null,
        "demandante": null,
        "demandado": null,
        "notario": null,
        "observacion": null,
        "tipo": 1,
        "diocesis": 6,
        "created_at": "2013-04-20T05:00:00Z",
        "active": true
    }
},
{
    "model": "proceso.proceso",
    "pk": 21022018,
    "fields": {
        "expediente": "01/92",
        "nombre": "PROCESO92",
        "fecha": "2018-02-21",
        "presidente": null,
        "defensor": null,
        "juez1": null,
        "juez2": null,
        "demandante": null,
        "demandado": null,
        "notario": null,
        "observacion": null,
        "tipo": 2,
        "diocesis": 3,
        "created_at": "2018-02-21T05:00:00Z",
        "active": true
    }
},
{
    "model": "proceso.proceso",
    "pk": 21062012,
    "fields": {
        "expediente": "01/69",
        "nombre": "PROCESO69",
        "fecha": "2012-06-21",
        "presidente": null,
        "defensor": null,
        "juez1": null,
        "juez2": null,
        "demandante": null,
        "demandado": null,
        "notario": null,
        "observacion": null,
        "tipo": 2,
        "diocesis": 5,
        "created_at": "2012-06-21T05:00:00Z",
        "active": true
    }
},
{
    "model": "proceso.proceso",
    "pk": 21072013,
    "fields": {
        "expediente": "01/99",
        "nombre": "PROCESO99",
        "fecha": "2013-07-21",
        "presidente": null,
        "defensor": null,
        "juez1": null,
        "juez2": null,
        "demandante": null,
        "demandado": null,
        "notario": null,
        "observacion": null,
        "tipo": 1,
        "diocesis": 5,
        "created_at": "2013-07-21T05:00:00Z",
        "active": true
    }
},
{
    "model": "proceso.proceso",
    "pk": 21112016,
    "fields": {
        "expediente": "01/22",
        "nombre": "PROCESO22",
        "fecha": "2016-11-21",
        "presidente": null,
        "defensor": null,
        "juez1": null,
        "juez2": null,
        "demandante": null,
        "demandado": null,
        "notario": null,
        "observacion": null,
        "tipo": 3,
        "diocesis": 1,
        "created_at": "2016-11-21T05:00:00Z",
        "active": true
    }
},
{
    "model": "proceso.proceso",
    "pk": 22072006,
    "fields": {
        "expediente": "01/68",
        "nombre": "PROCESO68",
        "fecha": "2006-07-22",
        "presidente": null,
        "defensor": null,
        "juez1": null,
        "juez2": null,
        "demandante": null,
        "demandado": null,
        "notario": null,
        "observacion": null,
        "tipo": 4,
        "diocesis": 3,
        "created_at": "2006-07-22T05:00:00Z",
        "active": true
    }
},
{
    "model": "proceso.proceso",
    "pk": 23032012,
    "fields": {
        "expediente": "01/86",
        "nombre": "PROCESO86",
        "fecha": "2012-03-23",
        "presidente": null,
        "defensor": null,
        "juez1": null,
        "juez2": null,
        "demandante": null,
        "demandado": null,
        "notario": null,
        "observacion": null,
        "tipo": 3,
        "diocesis": 2,
        "created_at": "2012-03-23T05:00:00Z",
        "active": true
    }
},
{
    "model": "proceso.proceso",
    "pk": 23052013,
    "fields": {
        "expediente": "01/49",
        "nombre": "PROCESO49",
        "fecha": "2013-05-23",
        "presidente": null,
        "defensor": null,
        "juez1": null,
        "juez2": null,
        "demandante": null,
        "demandado": null,
        "notario": null,
        "observacion": null,
        "tipo": 1,
        "diocesis": 4,
        "created_at": "2013-05-23T05:00:00Z",
        "active": true
    }
},
{
    "model": "proceso.proceso",
    "pk": 23072010,
    "fields": {
        "expediente": "01/62",
        "nombre": "PROCESO62",
        "fecha": "2010-07-23",
        "presidente": null,
        "defensor": null,
        "juez1": null,
        "juez2": null,
        "demandante": null,
        "demandado": null,
        "notario": null,
        "observacion": null,
        "tipo": 2,
        "diocesis": 5,
        "created_at": "2010-07-23T05:00:00Z",
        "active": true
    }
},
{
    "model": "proceso.proceso",
    "pk": 23082019,
    "fields": {
        "expediente": "01/11",
        "nombre": "PROCESO11",
        "fecha": "2019-08-23",
        "presidente": null,
        "defensor": null,
        "juez1": null,
        "juez2": null,
        "demandante": null,
        "demandado": null,
        "notario": null,
        "observacion": null,
        "tipo": 4,
        "diocesis": 6,
        "created_at": "2019-08-23T05:00:00Z",
        "active": true
    }
},
{
    "model": "proceso.proceso",
    "pk": 23122019,
    "fields": {
        "expediente": "01/78",
        "nombre": "PROCESO78",
        "fecha": "2019-12-23",
        "presidente": null,
        "defensor": null,
        "juez1": null,
        "juez2": null,
        "demandante": null,
        "demandado": null,
        "notario": null,
        "observacion": null,
        "tipo": 2,
        "diocesis": 1,
        "created_at": "2019-12-23T05:00:00Z",
        "active": true
    }
},
{
    "model": "proceso.proceso",
    "pk": 24022020,
    "fields": {
        "expediente": "01/15",
        "nombre": "PROCESO15",
        "fecha": "2020-02-24",
        "presidente": null,
        "defensor": null,
        "juez1": null,
        "juez2": null,
        "demandante": null,
        "demandado": null,
        "notario": null,
        "observacion": null,
        "tipo": 2,
        "diocesis": 4,
        "created_at": "2020-02-24T05:00:00Z",
        "active": true
    }
},
{
    "model": "proceso.proceso",
    "pk": 24072006,
    "fields": {
        "expediente": "01/42",
        "nombre": "PROCESO42",
        "fecha": "2006-07-24",
        "presidente": null,
        "defensor": null,
        "juez1": null,
        "juez2": null,
        "demandante": null,
        "demandado": null,
        "notario": null,
        "observacion": null,
        "tipo": 1,
        "diocesis": 5,
        "created_at": "2006-07-24T05:00:00Z",
        "active": true
    }
},
{
    "model": "proceso.proceso",
    "pk": 24102007,
    "fields": {
        "expediente": "01/100",
        "nombre": "PROCESO100",
        "fecha": "2007-10-24",
        "presidente": null,
        "defensor": null,
        "juez1": null,
        "juez2": null,
        "demandante": null,
        "demandado": null,
        "notario": null,
        "observacion": null,
        "tipo": 3,
        "diocesis": 5,
        "created_at": "2007-10-24T05:00:00Z",
        "active": true
    }
},
{
    "model": "proceso.proceso",
    "pk": 25012020,
    "fields": {
        "expediente": "01/30",
        "nombre": "PROCESO30",
        "fecha": "2020-01-25",
        "presidente": null,
        "defensor": null,
        "juez1": null,
        "juez2": null,
        "demandante": null,
        "demandado": null,
        "notario": null,
        "observacion": null,
        "tipo": 4,
        "diocesis": 5,
        "created_at": "2020-01-25T05:00:00Z",
        "active": true
    }
},
{
    "model": "proceso.proceso",
    "pk": 25062009,
    "fields": {
        "expediente": "01/83",
        "nombre": "PROCESO83",
        "fecha": "2009-06-25",
        "presidente": null,
        "defensor": null,
        "juez1": null,
        "juez2": null,
        "demandante": null,
        "demandado": null,
        "notario": null,
        "observacion": null,
        "tipo": 2,
        "diocesis": 3,
        "created_at": "2009-06-25T05:00:00Z",
        "active": true
    }
},
{
    "model": "proceso.proceso",
    "pk": 25072016,
    "fields": {
        "expediente": "01/84",
        "nombre": "PROCESO84",
        "fecha": "2016-07-25",
        "presidente": null,
        "defensor": null,
        "juez1": null,
        "juez2": null,
        "demandante": null,
        "demandado": null,
        "notario": null,
        "observacion": null,
        "tipo": 4,
        "diocesis": 5,
        "created_at": "2016-07-25T05:00:00Z",
        "active": true
    }
},
{
    "model": "proceso.proceso",
    "pk": 25122007,
    "fields": {
        "expediente": "01/67",
        "nombre": "PROCESO67",
        "fecha": "2007-12-25",
        "presidente": null,
        "defensor": null,
        "juez1": null,
        "juez2": null,
        "demandante": null,
        "demandado": null,
        "notario": null,
        "observacion": null,
        "tipo": 3,
        "diocesis": 1,
        "created_at": "2007-12-25T05:00:00Z",
        "active": true
    }
},
{
    "model": "proceso.proceso",
    "pk": 26012009,
    "fields": {
        "expediente": "01/39",
        "nombre": "PROCESO39",
        "fecha": "2009-01-26",
        "presidente": null,
        "defensor": null,
        "juez1": null,
        "juez2": null,
        "demandante": null,
        "demandado": null,
        "notario": null,
        "observacion": null,
        "tipo": 3,
        "diocesis": 1,
        "created_at": "2009-01-26T05:00:00Z",
        "active": true
    }
},
{
    "model": "proceso.proceso",
    "pk": 26062012,
    "fields": {
        "expediente": "01/21",
        "nombre": "PROCESO21",
        "fecha": "2012-06-26",
        "presidente": null,
        "defensor": null,
        "juez1": null,
        "juez2": null,
        "demandante": null,
        "demandado": null,
        "notario": null,
        "observacion": null,
        "tipo": 2,
        "diocesis": 2,
        "created_at": "2012-06-26T05:00:00Z",
        "active": true
    }
},
{
    "model": "proceso.proceso",
    "pk": 26082020,
    "fields": {
        "expediente": "01/07",
        "nombre": "PROCESO07",
        "fecha": "2020-08-26",
        "presidente": null,
        "defensor": null,
        "juez1": null,
        "juez2": null,
        "demandante": null,
        "demandado": null,
        "notario": null,
        "observacion": null,
        "tipo": 3,
        "diocesis": 2,
        "created_at": "2020-08-26T05:00:00Z",
        "active": true
    }
},
{
    "model": "proceso.proceso",
    "pk": 26122008,
    "fields": {
        "expediente": "01/56",
        "nombre": "PROCESO56",
        "fecha": "2008-12-26",
        "presidente": null,
        "defensor": null,
        "juez1": null,
        "juez2": null,
        "demandante": null,
        "demandado": null,
        "notario": null,
        "observacion": null,
        "tipo": 4,
        "diocesis": 6,
        "created_at": "2008-12-26T05:00:00Z",
        "active": true
    }
},
{
    "model": "proceso.proceso",
    "pk": 28022007,
    "fields": {
        "expediente": "01/08",
        "nombre": "PROCESO08",
        "fecha": "2007-02-28",
        "presidente": null,
        "defensor": null,
        "juez1": null,
        "juez2": null,
        "demandante": null,
        "demandado": null,
        "notario": null,
        "observacion": null,
        "tipo": 4,
        "diocesis": 6,
        "created_at": "2007-02-28T05:00:00Z",
        "active": true
    }
},
{
    "model": "proceso.proceso",
    "pk": 28082008,
    "fields": {
        "expediente": "01/77",
        "nombre": "PROCESO77",
        "fecha": "2008-08-28",
        "presidente": null,
        "defensor": null,
        "juez1": null,
        "juez2": null,
        "demandante": null,
        "demandado": null,
        "notario": null,
        "observacion": null,
        "tipo": 2,
        "diocesis": 4,
        "created_at": "2008-08-28T05:00:00Z",
        "active": true
    }
},
{
    "model": "proceso.proceso",
    "pk": 28112014,
    "fields": {
        "expediente": "01/28",
        "nombre": "PROCESO28",
        "fecha": "2014-11-28",
        "presidente": null,
        "defensor": null,
        "juez1": null,
        "juez2": null,
        "demandante": null,
        "demandado": null,
        "notario": null,
        "observacion": null,
        "tipo": 3,
        "diocesis": 2,
        "created_at": "2014-11-28T05:00:00Z",
        "active": true
    }
},
{
    "model": "proceso.proceso",
    "pk": 28122018,
    "fields": {
        "expediente": "01/73",
        "nombre": "PROCESO73",
        "fecha": "2018-12-28",
        "presidente": null,
        "defensor": null,
        "juez1": null,
        "juez2": null,
        "demandante": null,
        "demandado": null,
        "notario": null,
        "observacion": null,
        "tipo": 1,
        "diocesis": 5,
        "created_at": "2018-12-28T05:00:00Z",
        "active": true
    }
},
{
    "model": "proceso.proceso",
    "pk": 29112013,
    "fields": {
        "expediente": "01/52",
        "nombre": "PROCESO52",
        "fecha": "2013-11-29",
        "presidente": null,
        "defensor": null,
        "juez1": null,
        "juez2": null,
        "demandante": null,
        "demandado": null,
        "notario": null,
        "observacion": null,
        "tipo": 4,
        "diocesis": 2,
        "created_at": "2013-11-29T05:00:00Z",
        "active": true
    }
},
{
    "model": "proceso.proceso",
    "pk": 30042013,
    "fields": {
        "expediente": "01/46",
        "nombre": "PROCESO46",
        "fecha": "2013-04-30",
        "presidente": null,
        "defensor": null,
        "juez1": null,
        "juez2": null,
        "demandante": null,
        "demandado": null,
        "notario": null,
        "observacion": null,
        "tipo": 2,
        "diocesis": 1,
        "created_at": "2013-04-30T05:00:00Z",
        "active": true
    }
},
{
    "model": "proceso.proceso",
    "pk": 30082016,
    "fields": {
        "expediente": "01/43",
        "nombre": "PROCESO43",
        "fecha": "2016-08-30",
        "presidente": null,
        "defensor": null,
        "juez1": null,
        "juez2": null,
        "demandante": null,
        "demandado": null,
        "notario": null,
        "observacion": null,
        "tipo": 2,
        "diocesis": 1,
        "created_at": "2016-08-30T05:00:00Z",
        "active": true
    }
},
{
    "model": "proceso.proceso",
    "pk": 30122013,
    "fields": {
        "expediente": "01/87",
        "nombre": "PROCESO87",
        "fecha": "2013-12-30",
        "presidente": null,
        "defensor": null,
        "juez1": null,
        "juez2": null,
        "demandante": null,
        "demandado": null,
        "notario": null,
        "observacion": null,
        "tipo": 2,
        "diocesis": 2,
        "created_at": "2013-12-30T05:00:00Z",
        "active": true
    }
},
{
    "model": "proceso.proceso",
    "pk": 31072012,
    "fields": {
        "expediente": "01/85",
        "nombre": "PROCESO85",
        "fecha": "2012-07-31",
        "presidente": null,
        "defensor": null,
        "juez1": null,
        "juez2": null,
        "demandante": null,
        "demandado": null,
        "notario": null,
        "observacion": null,
        "tipo": 2,
        "diocesis": 6,
        "created_at": "2012-07-31T05:00:00Z",
        "active": true
    }
},
{
    "model": "testigo.testigo",
    "pk": 1,
    "fields": {
        "nombre": "Jeronimo",
        "apellido": "Burgos",
        "direccion": "calle 24 # 17-27",
        "telefono": "320123456",
        "ciudad": 271,
        "email": "Jeronimo@email.com",
        "active": true
    }
},
{
    "model": "testigo.testigo",
    "pk": 2,
    "fields": {
        "nombre": "Estefania",
        "apellido": "Villegas",
        "direccion": "calle 24 # 17-28",
        "telefono": "320123457",
        "ciudad": 322,
        "email": "Estefania@email.com",
        "active": true
    }
},
{
    "model": "testigo.testigo",
    "pk": 3,
    "fields": {
        "nombre": "Guillermo",
        "apellido": "Fernandez",
        "direccion": "calle 24 # 17-29",
        "telefono": "320123458",
        "ciudad": 330,
        "email": "Guillermo@email.com",
        "active": true
    }
},
{
    "model": "testigo.testigo",
    "pk": 4,
    "fields": {
        "nombre": "Eliana",
        "apellido": "Ramirez",
        "direccion": "calle 24 # 17-30",
        "telefono": "320123459",
        "ciudad": 222,
        "email": "Eliana@email.com",
        "active": true
    }
},
{
    "model": "testigo.testigo",
    "pk": 5,
    "fields": {
        "nombre": "Jose",
        "apellido": "Carmona",
        "direccion": "calle 24 # 17-31",
        "telefono": "320123460",
        "ciudad": 263,
        "email": "Jose@email.com",
        "active": true
    }
},
{
    "model": "testigo.testigo",
    "pk": 6,
    "fields": {
        "nombre": "Marcela",
        "apellido": "De santis",
        "direccion": "calle 24 # 17-32",
        "telefono": "320123461",
        "ciudad": 308,
        "email": "Marcela@email.com",
        "active": true
    }
},
{
    "model": "testigo.testigo",
    "pk": 7,
    "fields": {
        "nombre": "Daniela",
        "apellido": "Franco",
        "direccion": "calle 24 # 17-33",
        "telefono": "320123462",
        "ciudad": 291,
        "email": "Daniela@email.com",
        "active": true
    }
},
{
    "model": "testigo.testigo",
    "pk": 8,
    "fields": {
        "nombre": "Rafael",
        "apellido": "Cortes",
        "direccion": "calle 24 # 17-34",
        "telefono": "320123463",
        "ciudad": 246,
        "email": "Rafael@email.com",
        "active": true
    }
},
{
    "model": "testigo.testigo",
    "pk": 9,
    "fields": {
        "nombre": "Camilo",
        "apellido": "Berrio",
        "direccion": "calle 24 # 17-35",
        "telefono": "320123464",
        "ciudad": 252,
        "email": "Camilo@email.com",
        "active": true
    }
},
{
    "model": "testigo.testigo",
    "pk": 10,
    "fields": {
        "nombre": "Francisco",
        "apellido": "Arias",
        "direccion": "calle 24 # 17-36",
        "telefono": "320123465",
        "ciudad": 293,
        "email": "Francisco@email.com",
        "active": true
    }
},
{
    "model": "testigo.testigo",
    "pk": 11,
    "fields": {
        "nombre": "Antonio",
        "apellido": "Merizalde",
        "direccion": "calle 24 # 17-37",
        "telefono": "320123466",
        "ciudad": 313,
        "email": "Antonio@email.com",
        "active": true
    }
},
{
    "model": "testigo.testigo",
    "pk": 12,
    "fields": {
        "nombre": "Karen",
        "apellido": "Restrepo",
        "direccion": "calle 24 # 17-38",
        "telefono": "320123467",
        "ciudad": 305,
        "email": "Karen@email.com",
        "active": true
    }
},
{
    "model": "testigo.testigo",
    "pk": 13,
    "fields": {
        "nombre": "David",
        "apellido": "Lemus",
        "direccion": "calle 24 # 17-39",
        "telefono": "320123468",
        "ciudad": 226,
        "email": "David@email.com",
        "active": true
    }
},
{
    "model": "testigo.testigo",
    "pk": 14,
    "fields": {
        "nombre": "Javier",
        "apellido": "Santana",
        "direccion": "calle 24 # 17-40",
        "telefono": "320123469",
        "ciudad": 219,
        "email": "Javier@email.com",
        "active": true
    }
},
{
    "model": "testigo.testigo",
    "pk": 15,
    "fields": {
        "nombre": "Virginia",
        "apellido": "Saldarriaga",
        "direccion": "calle 24 # 17-41",
        "telefono": "320123470",
        "ciudad": 254,
        "email": "Virginia@email.com",
        "active": true
    }
},
{
    "model": "testigo.testigo",
    "pk": 16,
    "fields": {
        "nombre": "Sergio",
        "apellido": "Posada",
        "direccion": "calle 24 # 17-42",
        "telefono": "320123471",
        "ciudad": 329,
        "email": "Sergio@email.com",
        "active": true
    }
},
{
    "model": "testigo.testigo",
    "pk": 17,
    "fields": {
        "nombre": "Jorge",
        "apellido": "Zea ",
        "direccion": "calle 24 # 17-43",
        "telefono": "320123472",
        "ciudad": 241,
        "email": "Jorge@email.com",
        "active": true
    }
},
{
    "model": "testigo.testigo",
    "pk": 18,
    "fields": {
        "nombre": "Mariana",
        "apellido": "Diaz ",
        "direccion": "calle 24 # 17-44",
        "telefono": "320123473",
        "ciudad": 305,
        "email": "Mariana@email.com",
        "active": true
    }
},
{
    "model": "testigo.testigo",
    "pk": 19,
    "fields": {
        "nombre": "Esteban",
        "apellido": "Giraldo",
        "direccion": "calle 24 # 17-45",
        "telefono": "320123474",
        "ciudad": 278,
        "email": "Esteban@email.com",
        "active": true
    }
},
{
    "model": "testigo.testigo",
    "pk": 20,
    "fields": {
        "nombre": "Jorge",
        "apellido": "Idarraga",
        "direccion": "calle 24 # 17-46",
        "telefono": "320123475",
        "ciudad": 256,
        "email": "Jorge@email.com",
        "active": true
    }
},
{
    "model": "testigo.testigo",
    "pk": 21,
    "fields": {
        "nombre": "Alejandro",
        "apellido": "Simanca",
        "direccion": "calle 24 # 17-47",
        "telefono": "320123476",
        "ciudad": 267,
        "email": "Alejandro@email.com",
        "active": true
    }
},
{
    "model": "testigo.testigo",
    "pk": 22,
    "fields": {
        "nombre": "Angelina",
        "apellido": "Pulgarin",
        "direccion": "calle 24 # 17-48",
        "telefono": "320123477",
        "ciudad": 304,
        "email": "Angelina@email.com",
        "active": true
    }
},
{
    "model": "testigo.testigo",
    "pk": 23,
    "fields": {
        "nombre": "Brenda",
        "apellido": "Aguirre",
        "direccion": "calle 24 # 17-49",
        "telefono": "320123478",
        "ciudad": 286,
        "email": "Brenda@email.com",
        "active": true
    }
},
{
    "model": "testigo.testigo",
    "pk": 24,
    "fields": {
        "nombre": "Gloria",
        "apellido": "Tamayo",
        "direccion": "calle 24 # 17-50",
        "telefono": "320123479",
        "ciudad": 306,
        "email": "Gloria@email.com",
        "active": true
    }
},
{
    "model": "testigo.testigo",
    "pk": 25,
    "fields": {
        "nombre": "Andrea",
        "apellido": "Carmona ",
        "direccion": "calle 24 # 17-51",
        "telefono": "320123480",
        "ciudad": 281,
        "email": "Andrea@email.com",
        "active": true
    }
},
{
    "model": "testigo.testigo",
    "pk": 26,
    "fields": {
        "nombre": "Lucero",
        "apellido": "Diaz ",
        "direccion": "calle 24 # 17-52",
        "telefono": "320123481",
        "ciudad": 293,
        "email": "Lucero@email.com",
        "active": true
    }
},
{
    "model": "testigo.testigo",
    "pk": 27,
    "fields": {
        "nombre": "Angela",
        "apellido": "Alzate",
        "direccion": "calle 24 # 17-53",
        "telefono": "320123482",
        "ciudad": 260,
        "email": "Angela@email.com",
        "active": true
    }
},
{
    "model": "testigo.testigo",
    "pk": 28,
    "fields": {
        "nombre": "Felipe",
        "apellido": "Arango",
        "direccion": "calle 24 # 17-54",
        "telefono": "320123483",
        "ciudad": 217,
        "email": "Felipe@email.com",
        "active": true
    }
},
{
    "model": "testigo.testigo",
    "pk": 29,
    "fields": {
        "nombre": "Elena",
        "apellido": "Garces",
        "direccion": "calle 24 # 17-55",
        "telefono": "320123484",
        "ciudad": 302,
        "email": "Elena@email.com",
        "active": true
    }
},
{
    "model": "testigo.testigo",
    "pk": 30,
    "fields": {
        "nombre": "Carmen",
        "apellido": "Uribe",
        "direccion": "calle 24 # 17-56",
        "telefono": "320123485",
        "ciudad": 232,
        "email": "Carmen@email.com",
        "active": true
    }
},
{
    "model": "testigo.testigo",
    "pk": 31,
    "fields": {
        "nombre": "Daniel",
        "apellido": "Ospina",
        "direccion": "calle 24 # 17-57",
        "telefono": "320123486",
        "ciudad": 323,
        "email": "Daniel@email.com",
        "active": true
    }
},
{
    "model": "testigo.testigo",
    "pk": 32,
    "fields": {
        "nombre": "Alberto",
        "apellido": "Pel\u00e1ez",
        "direccion": "calle 24 # 17-58",
        "telefono": "320123487",
        "ciudad": 329,
        "email": "Alberto@email.com",
        "active": true
    }
},
{
    "model": "testigo.testigo",
    "pk": 33,
    "fields": {
        "nombre": "Elena",
        "apellido": "Perez",
        "direccion": "calle 24 # 17-59",
        "telefono": "320123488",
        "ciudad": 336,
        "email": "Elena@email.com",
        "active": true
    }
},
{
    "model": "testigo.testigo",
    "pk": 34,
    "fields": {
        "nombre": "Sebastian",
        "apellido": "Carmona",
        "direccion": "calle 24 # 17-60",
        "telefono": "320123489",
        "ciudad": 280,
        "email": "Sebastian@email.com",
        "active": true
    }
},
{
    "model": "testigo.testigo",
    "pk": 35,
    "fields": {
        "nombre": "Oscar",
        "apellido": "Cifuentes",
        "direccion": "calle 24 # 17-61",
        "telefono": "320123490",
        "ciudad": 305,
        "email": "Oscar@email.com",
        "active": true
    }
},
{
    "model": "testigo.testigo",
    "pk": 36,
    "fields": {
        "nombre": "Santiago",
        "apellido": "Jaramillo",
        "direccion": "calle 24 # 17-62",
        "telefono": "320123491",
        "ciudad": 232,
        "email": "Santiago@email.com",
        "active": true
    }
},
{
    "model": "testigo.testigo",
    "pk": 37,
    "fields": {
        "nombre": "Luis",
        "apellido": "Melano",
        "direccion": "calle 24 # 17-63",
        "telefono": "320123492",
        "ciudad": 319,
        "email": "Luis@email.com",
        "active": true
    }
},
{
    "model": "testigo.testigo",
    "pk": 38,
    "fields": {
        "nombre": "Tammy",
        "apellido": "Mendez",
        "direccion": "calle 24 # 17-64",
        "telefono": "320123493",
        "ciudad": 225,
        "email": "Tammy@email.com",
        "active": true
    }
},
{
    "model": "testigo.testigo",
    "pk": 39,
    "fields": {
        "nombre": "Tomas",
        "apellido": "Ramirez",
        "direccion": "calle 24 # 17-65",
        "telefono": "320123494",
        "ciudad": 290,
        "email": "Tomas@email.com",
        "active": true
    }
},
{
    "model": "testigo.testigo",
    "pk": 40,
    "fields": {
        "nombre": "Felipe",
        "apellido": "Girando",
        "direccion": "calle 24 # 17-66",
        "telefono": "320123495",
        "ciudad": 298,
        "email": "Felipe@email.com",
        "active": true
    }
},
{
    "model": "testigo.testigo",
    "pk": 41,
    "fields": {
        "nombre": "Patricia",
        "apellido": "Diez",
        "direccion": "calle 24 # 17-67",
        "telefono": "320123496",
        "ciudad": 330,
        "email": "Patricia@email.com",
        "active": true
    }
},
{
    "model": "testigo.testigo",
    "pk": 42,
    "fields": {
        "nombre": "Luisa",
        "apellido": "Sierra",
        "direccion": "calle 24 # 17-68",
        "telefono": "320123497",
        "ciudad": 330,
        "email": "Luisa@email.com",
        "active": true
    }
},
{
    "model": "testigo.testigo",
    "pk": 43,
    "fields": {
        "nombre": "Sara",
        "apellido": "Vallejo",
        "direccion": "calle 24 # 17-69",
        "telefono": "320123498",
        "ciudad": 265,
        "email": "Sara@email.com",
        "active": true
    }
},
{
    "model": "testigo.testigo",
    "pk": 44,
    "fields": {
        "nombre": "Alexandra",
        "apellido": "Guerrero",
        "direccion": "calle 24 # 17-70",
        "telefono": "320123499",
        "ciudad": 221,
        "email": "Alexandra@email.com",
        "active": true
    }
},
{
    "model": "testigo.testigo",
    "pk": 45,
    "fields": {
        "nombre": "Lisa",
        "apellido": "Guerra",
        "direccion": "calle 24 # 17-71",
        "telefono": "320123500",
        "ciudad": 272,
        "email": "Lisa@email.com",
        "active": true
    }
},
{
    "model": "testigo.testigo",
    "pk": 46,
    "fields": {
        "nombre": "Ana Maria",
        "apellido": "Rodr\u00edguez ",
        "direccion": "calle 24 # 17-72",
        "telefono": "320123501",
        "ciudad": 280,
        "email": "Ana Maria@email.com",
        "active": true
    }
},
{
    "model": "testigo.testigo",
    "pk": 47,
    "fields": {
        "nombre": "Sofia",
        "apellido": "Marulanda",
        "direccion": "calle 24 # 17-73",
        "telefono": "320123502",
        "ciudad": 316,
        "email": "Sofia@email.com",
        "active": true
    }
},
{
    "model": "testigo.testigo",
    "pk": 48,
    "fields": {
        "nombre": "Paula",
        "apellido": "Palacio",
        "direccion": "calle 24 # 17-74",
        "telefono": "320123503",
        "ciudad": 273,
        "email": "Paula@email.com",
        "active": true
    }
},
{
    "model": "testigo.testigo",
    "pk": 49,
    "fields": {
        "nombre": "Jesus",
        "apellido": "Bermudez",
        "direccion": "calle 24 # 17-75",
        "telefono": "320123504",
        "ciudad": 309,
        "email": "Jesus@email.com",
        "active": true
    }
},
{
    "model": "testigo.testigo",
    "pk": 50,
    "fields": {
        "nombre": "Roberta",
        "apellido": "Toledo",
        "direccion": "calle 24 # 17-76",
        "telefono": "320123505",
        "ciudad": 277,
        "email": "Roberta@email.com",
        "active": true
    }
},
{
    "model": "testigo.testigo",
    "pk": 51,
    "fields": {
        "nombre": "Tatiana",
        "apellido": "Arango",
        "direccion": "calle 24 # 17-77",
        "telefono": "320123506",
        "ciudad": 308,
        "email": "Tatiana@email.com",
        "active": true
    }
},
{
    "model": "testigo.testigo",
    "pk": 52,
    "fields": {
        "nombre": "Melina",
        "apellido": "Acevedo",
        "direccion": "calle 24 # 17-78",
        "telefono": "320123507",
        "ciudad": 218,
        "email": "Melina@email.com",
        "active": true
    }
},
{
    "model": "testigo.testigo",
    "pk": 53,
    "fields": {
        "nombre": "Cristina",
        "apellido": "Cock",
        "direccion": "calle 24 # 17-79",
        "telefono": "320123508",
        "ciudad": 273,
        "email": "Cristina@email.com",
        "active": true
    }
},
{
    "model": "testigo.testigo",
    "pk": 54,
    "fields": {
        "nombre": "Manuela",
        "apellido": "Casadiegos",
        "direccion": "calle 24 # 17-80",
        "telefono": "320123509",
        "ciudad": 314,
        "email": "Manuela@email.com",
        "active": true
    }
},
{
    "model": "testigo.testigo",
    "pk": 55,
    "fields": {
        "nombre": "Isabel",
        "apellido": "Salamanca",
        "direccion": "calle 24 # 17-81",
        "telefono": "320123510",
        "ciudad": 233,
        "email": "Isabel@email.com",
        "active": true
    }
},
{
    "model": "testigo.testigo",
    "pk": 56,
    "fields": {
        "nombre": "Juan",
        "apellido": "Arango",
        "direccion": "calle 24 # 17-82",
        "telefono": "320123511",
        "ciudad": 317,
        "email": "Juan@email.com",
        "active": true
    }
},
{
    "model": "testigo.testigo",
    "pk": 57,
    "fields": {
        "nombre": "Luisa",
        "apellido": "Granda",
        "direccion": "calle 24 # 17-83",
        "telefono": "320123512",
        "ciudad": 324,
        "email": "Luisa@email.com",
        "active": true
    }
},
{
    "model": "testigo.testigo",
    "pk": 58,
    "fields": {
        "nombre": "Monica",
        "apellido": "Arango ",
        "direccion": "calle 24 # 17-84",
        "telefono": "320123513",
        "ciudad": 325,
        "email": "Monica@email.com",
        "active": true
    }
},
{
    "model": "testigo.testigo",
    "pk": 59,
    "fields": {
        "nombre": "Federico",
        "apellido": "Arroyave",
        "direccion": "calle 24 # 17-85",
        "telefono": "320123514",
        "ciudad": 295,
        "email": "Federico@email.com",
        "active": true
    }
},
{
    "model": "testigo.testigo",
    "pk": 60,
    "fields": {
        "nombre": "Dalia",
        "apellido": "Lemos",
        "direccion": "calle 24 # 17-86",
        "telefono": "320123515",
        "ciudad": 283,
        "email": "Dalia@email.com",
        "active": true
    }
},
{
    "model": "testigo.testigo",
    "pk": 61,
    "fields": {
        "nombre": "Ana",
        "apellido": "Jaramillo",
        "direccion": "calle 24 # 17-87",
        "telefono": "320123516",
        "ciudad": 248,
        "email": "Ana@email.com",
        "active": true
    }
},
{
    "model": "testigo.testigo",
    "pk": 62,
    "fields": {
        "nombre": "Maria",
        "apellido": "Lema",
        "direccion": "calle 24 # 17-88",
        "telefono": "320123517",
        "ciudad": 321,
        "email": "Maria@email.com",
        "active": true
    }
},
{
    "model": "testigo.testigo",
    "pk": 63,
    "fields": {
        "nombre": "Diana",
        "apellido": "Caro",
        "direccion": "calle 24 # 17-89",
        "telefono": "320123518",
        "ciudad": 243,
        "email": "Diana@email.com",
        "active": true
    }
},
{
    "model": "testigo.testigo",
    "pk": 64,
    "fields": {
        "nombre": "Amalia",
        "apellido": "Vergara",
        "direccion": "calle 24 # 17-90",
        "telefono": "320123519",
        "ciudad": 307,
        "email": "Amalia@email.com",
        "active": true
    }
},
{
    "model": "testigo.testigo",
    "pk": 65,
    "fields": {
        "nombre": "Julian",
        "apellido": "Duque",
        "direccion": "calle 24 # 17-91",
        "telefono": "320123520",
        "ciudad": 277,
        "email": "Julian@email.com",
        "active": true
    }
},
{
    "model": "testigo.testigo",
    "pk": 66,
    "fields": {
        "nombre": "Maritza",
        "apellido": "Mu\u00f1oz",
        "direccion": "calle 24 # 17-92",
        "telefono": "320123521",
        "ciudad": 214,
        "email": "Maritza@email.com",
        "active": true
    }
},
{
    "model": "testigo.testigo",
    "pk": 67,
    "fields": {
        "nombre": "Andr\u00e9s",
        "apellido": "Pel\u00e1ez",
        "direccion": "calle 24 # 17-93",
        "telefono": "320123522",
        "ciudad": 313,
        "email": "Andr\u00e9s@email.com",
        "active": true
    }
},
{
    "model": "testigo.testigo",
    "pk": 68,
    "fields": {
        "nombre": "Miguel",
        "apellido": "Sanchez",
        "direccion": "calle 24 # 17-94",
        "telefono": "320123523",
        "ciudad": 327,
        "email": "Miguel@email.com",
        "active": true
    }
},
{
    "model": "testigo.testigo",
    "pk": 69,
    "fields": {
        "nombre": "Carolina",
        "apellido": "Cano",
        "direccion": "calle 24 # 17-95",
        "telefono": "320123524",
        "ciudad": 259,
        "email": "Carolina@email.com",
        "active": true
    }
},
{
    "model": "testigo.testigo",
    "pk": 70,
    "fields": {
        "nombre": "Jessica",
        "apellido": "Marquez",
        "direccion": "calle 24 # 17-96",
        "telefono": "320123525",
        "ciudad": 236,
        "email": "Jessica@email.com",
        "active": true
    }
},
{
    "model": "testigo.testigo",
    "pk": 71,
    "fields": {
        "nombre": "Samuel",
        "apellido": "Rico",
        "direccion": "calle 24 # 17-97",
        "telefono": "320123526",
        "ciudad": 254,
        "email": "Samuel@email.com",
        "active": true
    }
},
{
    "model": "testigo.testigo",
    "pk": 72,
    "fields": {
        "nombre": "Gustavo",
        "apellido": "Mendez",
        "direccion": "calle 24 # 17-98",
        "telefono": "320123527",
        "ciudad": 232,
        "email": "Gustavo@email.com",
        "active": true
    }
},
{
    "model": "testigo.testigo",
    "pk": 73,
    "fields": {
        "nombre": "Karina",
        "apellido": "Jimenez",
        "direccion": "calle 24 # 17-99",
        "telefono": "320123528",
        "ciudad": 285,
        "email": "Karina@email.com",
        "active": true
    }
},
{
    "model": "testigo.testigo",
    "pk": 74,
    "fields": {
        "nombre": "Julieth",
        "apellido": "Osorio",
        "direccion": "calle 24 # 17-100",
        "telefono": "320123529",
        "ciudad": 243,
        "email": "Julieth@email.com",
        "active": true
    }
},
{
    "model": "testigo.testigo",
    "pk": 75,
    "fields": {
        "nombre": "Lina",
        "apellido": "Villamizar",
        "direccion": "calle 24 # 17-101",
        "telefono": "320123530",
        "ciudad": 311,
        "email": "Lina@email.com",
        "active": true
    }
},
{
    "model": "testigo.testigo",
    "pk": 76,
    "fields": {
        "nombre": "Carlos",
        "apellido": "Gomez",
        "direccion": "calle 24 # 17-102",
        "telefono": "320123531",
        "ciudad": 298,
        "email": "Carlos@email.com",
        "active": true
    }
},
{
    "model": "testigo.testigo",
    "pk": 77,
    "fields": {
        "nombre": "Sim\u00f3n",
        "apellido": "Grac\u00eda",
        "direccion": "calle 24 # 17-103",
        "telefono": "320123532",
        "ciudad": 305,
        "email": "Sim\u00f3n@email.com",
        "active": true
    }
},
{
    "model": "testigo.testigo",
    "pk": 78,
    "fields": {
        "nombre": "Monica",
        "apellido": "Castro",
        "direccion": "calle 24 # 17-104",
        "telefono": "320123533",
        "ciudad": 226,
        "email": "Monica@email.com",
        "active": true
    }
},
{
    "model": "testigo.testigo",
    "pk": 79,
    "fields": {
        "nombre": "Melisa",
        "apellido": "Uribe",
        "direccion": "calle 24 # 17-105",
        "telefono": "320123534",
        "ciudad": 309,
        "email": "Melisa@email.com",
        "active": true
    }
},
{
    "model": "testigo.testigo",
    "pk": 80,
    "fields": {
        "nombre": "Alejandra",
        "apellido": "Florez",
        "direccion": "calle 24 # 17-106",
        "telefono": "320123535",
        "ciudad": 230,
        "email": "Alejandra@email.com",
        "active": true
    }
},
{
    "model": "testigo.testigo",
    "pk": 81,
    "fields": {
        "nombre": "Amalia",
        "apellido": "Gutierrez",
        "direccion": "calle 24 # 17-107",
        "telefono": "320123536",
        "ciudad": 285,
        "email": "Amalia@email.com",
        "active": true
    }
},
{
    "model": "testigo.testigo",
    "pk": 82,
    "fields": {
        "nombre": "Raquel",
        "apellido": "Medina",
        "direccion": "calle 24 # 17-108",
        "telefono": "320123537",
        "ciudad": 250,
        "email": "Raquel@email.com",
        "active": true
    }
},
{
    "model": "testigo.testigo",
    "pk": 83,
    "fields": {
        "nombre": "Gonzalo",
        "apellido": "Betancur",
        "direccion": "calle 24 # 17-109",
        "telefono": "320123538",
        "ciudad": 313,
        "email": "Gonzalo@email.com",
        "active": true
    }
},
{
    "model": "testigo.testigo",
    "pk": 84,
    "fields": {
        "nombre": "Santiago",
        "apellido": "Betancurt",
        "direccion": "calle 24 # 17-110",
        "telefono": "320123539",
        "ciudad": 246,
        "email": "Santiago@email.com",
        "active": true
    }
},
{
    "model": "testigo.testigo",
    "pk": 85,
    "fields": {
        "nombre": "Isabella",
        "apellido": "Marquez",
        "direccion": "calle 24 # 17-111",
        "telefono": "320123540",
        "ciudad": 305,
        "email": "Isabella@email.com",
        "active": true
    }
},
{
    "model": "testigo.testigo",
    "pk": 86,
    "fields": {
        "nombre": "Karla",
        "apellido": "Molina",
        "direccion": "calle 24 # 17-112",
        "telefono": "320123541",
        "ciudad": 269,
        "email": "Karla@email.com",
        "active": true
    }
},
{
    "model": "testigo.testigo",
    "pk": 87,
    "fields": {
        "nombre": "Hilda",
        "apellido": "Rodriguez",
        "direccion": "calle 24 # 17-113",
        "telefono": "320123542",
        "ciudad": 276,
        "email": "Hilda@email.com",
        "active": true
    }
},
{
    "model": "testigo.testigo",
    "pk": 88,
    "fields": {
        "nombre": "Victoria",
        "apellido": "Hincapie",
        "direccion": "calle 24 # 17-114",
        "telefono": "320123543",
        "ciudad": 302,
        "email": "Victoria@email.com",
        "active": true
    }
},
{
    "model": "testigo.testigo",
    "pk": 89,
    "fields": {
        "nombre": "Pablo",
        "apellido": "Rojas ",
        "direccion": "calle 24 # 17-115",
        "telefono": "320123544",
        "ciudad": 273,
        "email": "Pablo@email.com",
        "active": true
    }
},
{
    "model": "testigo.testigo",
    "pk": 90,
    "fields": {
        "nombre": "Pamela",
        "apellido": "Serna",
        "direccion": "calle 24 # 17-116",
        "telefono": "320123545",
        "ciudad": 222,
        "email": "Pamela@email.com",
        "active": true
    }
},
{
    "model": "testigo.testigo",
    "pk": 91,
    "fields": {
        "nombre": "Stepania",
        "apellido": "Zapata",
        "direccion": "calle 24 # 17-117",
        "telefono": "320123546",
        "ciudad": 302,
        "email": "Stepania@email.com",
        "active": true
    }
},
{
    "model": "testigo.testigo",
    "pk": 92,
    "fields": {
        "nombre": "Manuel",
        "apellido": "Toro",
        "direccion": "calle 24 # 17-118",
        "telefono": "320123547",
        "ciudad": 321,
        "email": "Manuel@email.com",
        "active": true
    }
},
{
    "model": "testigo.testigo",
    "pk": 93,
    "fields": {
        "nombre": "Barbara",
        "apellido": "Henao",
        "direccion": "calle 24 # 17-119",
        "telefono": "320123548",
        "ciudad": 225,
        "email": "Barbara@email.com",
        "active": true
    }
},
{
    "model": "testigo.testigo",
    "pk": 94,
    "fields": {
        "nombre": "Leonardo",
        "apellido": "Vasquez",
        "direccion": "calle 24 # 17-120",
        "telefono": "320123549",
        "ciudad": 276,
        "email": "Leonardo@email.com",
        "active": true
    }
},
{
    "model": "testigo.testigo",
    "pk": 95,
    "fields": {
        "nombre": "Juliana",
        "apellido": "Castrill\u00f3n",
        "direccion": "calle 24 # 17-121",
        "telefono": "320123550",
        "ciudad": 256,
        "email": "Juliana@email.com",
        "active": true
    }
},
{
    "model": "testigo.testigo",
    "pk": 96,
    "fields": {
        "nombre": "Dinara",
        "apellido": "Lopez",
        "direccion": "calle 24 # 17-122",
        "telefono": "320123551",
        "ciudad": 217,
        "email": "Dinara@email.com",
        "active": true
    }
},
{
    "model": "testigo.testigo",
    "pk": 97,
    "fields": {
        "nombre": "Elisa",
        "apellido": "Mota",
        "direccion": "calle 24 # 17-123",
        "telefono": "320123552",
        "ciudad": 235,
        "email": "Elisa@email.com",
        "active": true
    }
},
{
    "model": "testigo.testigo",
    "pk": 98,
    "fields": {
        "nombre": "Alicia",
        "apellido": "Perez",
        "direccion": "calle 24 # 17-124",
        "telefono": "320123553",
        "ciudad": 304,
        "email": "Alicia@email.com",
        "active": true
    }
},
{
    "model": "testigo.testigo",
    "pk": 99,
    "fields": {
        "nombre": "Carlos",
        "apellido": "Posada",
        "direccion": "calle 24 # 17-125",
        "telefono": "320123554",
        "ciudad": 256,
        "email": "Carlos@email.com",
        "active": true
    }
},
{
    "model": "testigo.testigo",
    "pk": 100,
    "fields": {
        "nombre": "Mauricio",
        "apellido": "Arango",
        "direccion": "calle 24 # 17-126",
        "telefono": "320123555",
        "ciudad": 263,
        "email": "Mauricio@email.com",
        "active": true
    }
},
{
    "model": "testigo.testigo",
    "pk": 101,
    "fields": {
        "nombre": "Adriana",
        "apellido": "Hoyos",
        "direccion": "calle 24 # 17-127",
        "telefono": "320123556",
        "ciudad": 280,
        "email": "Adriana@email.com",
        "active": true
    }
},
{
    "model": "testigo.testigo",
    "pk": 102,
    "fields": {
        "nombre": "Miguel",
        "apellido": "Suarez",
        "direccion": "calle 24 # 17-128",
        "telefono": "320123557",
        "ciudad": 237,
        "email": "Miguel@email.com",
        "active": true
    }
},
{
    "model": "testigo.testigo",
    "pk": 103,
    "fields": {
        "nombre": "Natalia",
        "apellido": "Aristizabal",
        "direccion": "calle 24 # 17-129",
        "telefono": "320123558",
        "ciudad": 293,
        "email": "Natalia@email.com",
        "active": true
    }
},
{
    "model": "testigo.testigo",
    "pk": 104,
    "fields": {
        "nombre": "Camila",
        "apellido": "Dominguez ",
        "direccion": "calle 24 # 17-130",
        "telefono": "320123559",
        "ciudad": 335,
        "email": "Camila@email.com",
        "active": true
    }
},
{
    "model": "testigo.testigo",
    "pk": 105,
    "fields": {
        "nombre": "Susana",
        "apellido": "Ruiz",
        "direccion": "calle 24 # 17-131",
        "telefono": "320123560",
        "ciudad": 296,
        "email": "Susana@email.com",
        "active": true
    }
},
{
    "model": "testigo.testigo",
    "pk": 106,
    "fields": {
        "nombre": "Cathy",
        "apellido": "Higuita",
        "direccion": "calle 24 # 17-132",
        "telefono": "320123561",
        "ciudad": 318,
        "email": "Cathy@email.com",
        "active": true
    }
},
{
    "model": "testigo.testigo",
    "pk": 107,
    "fields": {
        "nombre": "Catalina",
        "apellido": "Osorio",
        "direccion": "calle 24 # 17-133",
        "telefono": "320123562",
        "ciudad": 323,
        "email": "Catalina@email.com",
        "active": true
    }
},
{
    "model": "testigo.testigo",
    "pk": 108,
    "fields": {
        "nombre": "Mariana",
        "apellido": "Gomez",
        "direccion": "calle 24 # 17-134",
        "telefono": "320123563",
        "ciudad": 222,
        "email": "Mariana@email.com",
        "active": true
    }
},
{
    "model": "testigo.testigo",
    "pk": 109,
    "fields": {
        "nombre": "Jacobo",
        "apellido": "Bustos",
        "direccion": "calle 24 # 17-135",
        "telefono": "320123564",
        "ciudad": 319,
        "email": "Jacobo@email.com",
        "active": true
    }
},
{
    "model": "testigo.testigo",
    "pk": 110,
    "fields": {
        "nombre": "Gabriel",
        "apellido": "Rodas",
        "direccion": "calle 24 # 17-136",
        "telefono": "320123565",
        "ciudad": 251,
        "email": "Gabriel@email.com",
        "active": true
    }
},
{
    "model": "testigo.testigo",
    "pk": 111,
    "fields": {
        "nombre": "Sandra",
        "apellido": "Cano",
        "direccion": "calle 24 # 17-137",
        "telefono": "320123566",
        "ciudad": 275,
        "email": "Sandra@email.com",
        "active": true
    }
},
{
    "model": "testigo.testigo",
    "pk": 112,
    "fields": {
        "nombre": "Evelyn",
        "apellido": "Diaz ",
        "direccion": "calle 24 # 17-138",
        "telefono": "320123567",
        "ciudad": 223,
        "email": "Evelyn@email.com",
        "active": true
    }
},
{
    "model": "testigo.testigo",
    "pk": 113,
    "fields": {
        "nombre": "Juan",
        "apellido": "Hernandez ",
        "direccion": "calle 24 # 17-139",
        "telefono": "320123568",
        "ciudad": 242,
        "email": "Juan@email.com",
        "active": true
    }
},
{
    "model": "testigo.testigo",
    "pk": 114,
    "fields": {
        "nombre": "David",
        "apellido": "Jaramillo",
        "direccion": "calle 24 # 17-140",
        "telefono": "320123569",
        "ciudad": 322,
        "email": "David@email.com",
        "active": true
    }
},
{
    "model": "auth.permission",
    "pk": 1,
    "fields": {
        "name": "Can add log entry",
        "content_type": 1,
        "codename": "add_logentry"
    }
},
{
    "model": "auth.permission",
    "pk": 2,
    "fields": {
        "name": "Can change log entry",
        "content_type": 1,
        "codename": "change_logentry"
    }
},
{
    "model": "auth.permission",
    "pk": 3,
    "fields": {
        "name": "Can delete log entry",
        "content_type": 1,
        "codename": "delete_logentry"
    }
},
{
    "model": "auth.permission",
    "pk": 4,
    "fields": {
        "name": "Can view log entry",
        "content_type": 1,
        "codename": "view_logentry"
    }
},
{
    "model": "auth.permission",
    "pk": 5,
    "fields": {
        "name": "Can add permission",
        "content_type": 2,
        "codename": "add_permission"
    }
},
{
    "model": "auth.permission",
    "pk": 6,
    "fields": {
        "name": "Can change permission",
        "content_type": 2,
        "codename": "change_permission"
    }
},
{
    "model": "auth.permission",
    "pk": 7,
    "fields": {
        "name": "Can delete permission",
        "content_type": 2,
        "codename": "delete_permission"
    }
},
{
    "model": "auth.permission",
    "pk": 8,
    "fields": {
        "name": "Can view permission",
        "content_type": 2,
        "codename": "view_permission"
    }
},
{
    "model": "auth.permission",
    "pk": 9,
    "fields": {
        "name": "Can add group",
        "content_type": 3,
        "codename": "add_group"
    }
},
{
    "model": "auth.permission",
    "pk": 10,
    "fields": {
        "name": "Can change group",
        "content_type": 3,
        "codename": "change_group"
    }
},
{
    "model": "auth.permission",
    "pk": 11,
    "fields": {
        "name": "Can delete group",
        "content_type": 3,
        "codename": "delete_group"
    }
},
{
    "model": "auth.permission",
    "pk": 12,
    "fields": {
        "name": "Can view group",
        "content_type": 3,
        "codename": "view_group"
    }
},
{
    "model": "auth.permission",
    "pk": 13,
    "fields": {
        "name": "Can add user",
        "content_type": 4,
        "codename": "add_user"
    }
},
{
    "model": "auth.permission",
    "pk": 14,
    "fields": {
        "name": "Can change user",
        "content_type": 4,
        "codename": "change_user"
    }
},
{
    "model": "auth.permission",
    "pk": 15,
    "fields": {
        "name": "Can delete user",
        "content_type": 4,
        "codename": "delete_user"
    }
},
{
    "model": "auth.permission",
    "pk": 16,
    "fields": {
        "name": "Can view user",
        "content_type": 4,
        "codename": "view_user"
    }
},
{
    "model": "auth.permission",
    "pk": 17,
    "fields": {
        "name": "Can add content type",
        "content_type": 5,
        "codename": "add_contenttype"
    }
},
{
    "model": "auth.permission",
    "pk": 18,
    "fields": {
        "name": "Can change content type",
        "content_type": 5,
        "codename": "change_contenttype"
    }
},
{
    "model": "auth.permission",
    "pk": 19,
    "fields": {
        "name": "Can delete content type",
        "content_type": 5,
        "codename": "delete_contenttype"
    }
},
{
    "model": "auth.permission",
    "pk": 20,
    "fields": {
        "name": "Can view content type",
        "content_type": 5,
        "codename": "view_contenttype"
    }
},
{
    "model": "auth.permission",
    "pk": 21,
    "fields": {
        "name": "Can add session",
        "content_type": 6,
        "codename": "add_session"
    }
},
{
    "model": "auth.permission",
    "pk": 22,
    "fields": {
        "name": "Can change session",
        "content_type": 6,
        "codename": "change_session"
    }
},
{
    "model": "auth.permission",
    "pk": 23,
    "fields": {
        "name": "Can delete session",
        "content_type": 6,
        "codename": "delete_session"
    }
},
{
    "model": "auth.permission",
    "pk": 24,
    "fields": {
        "name": "Can view session",
        "content_type": 6,
        "codename": "view_session"
    }
},
{
    "model": "auth.permission",
    "pk": 25,
    "fields": {
        "name": "Can add abono",
        "content_type": 7,
        "codename": "add_abono"
    }
},
{
    "model": "auth.permission",
    "pk": 26,
    "fields": {
        "name": "Can change abono",
        "content_type": 7,
        "codename": "change_abono"
    }
},
{
    "model": "auth.permission",
    "pk": 27,
    "fields": {
        "name": "Can delete abono",
        "content_type": 7,
        "codename": "delete_abono"
    }
},
{
    "model": "auth.permission",
    "pk": 28,
    "fields": {
        "name": "Can view abono",
        "content_type": 7,
        "codename": "view_abono"
    }
},
{
    "model": "auth.permission",
    "pk": 29,
    "fields": {
        "name": "Can add accion",
        "content_type": 8,
        "codename": "add_accion"
    }
},
{
    "model": "auth.permission",
    "pk": 30,
    "fields": {
        "name": "Can change accion",
        "content_type": 8,
        "codename": "change_accion"
    }
},
{
    "model": "auth.permission",
    "pk": 31,
    "fields": {
        "name": "Can delete accion",
        "content_type": 8,
        "codename": "delete_accion"
    }
},
{
    "model": "auth.permission",
    "pk": 32,
    "fields": {
        "name": "Can view accion",
        "content_type": 8,
        "codename": "view_accion"
    }
},
{
    "model": "auth.permission",
    "pk": 33,
    "fields": {
        "name": "Can add tipo",
        "content_type": 9,
        "codename": "add_tipo"
    }
},
{
    "model": "auth.permission",
    "pk": 34,
    "fields": {
        "name": "Can change tipo",
        "content_type": 9,
        "codename": "change_tipo"
    }
},
{
    "model": "auth.permission",
    "pk": 35,
    "fields": {
        "name": "Can delete tipo",
        "content_type": 9,
        "codename": "delete_tipo"
    }
},
{
    "model": "auth.permission",
    "pk": 36,
    "fields": {
        "name": "Can view tipo",
        "content_type": 9,
        "codename": "view_tipo"
    }
},
{
    "model": "auth.permission",
    "pk": 37,
    "fields": {
        "name": "Can add acta",
        "content_type": 10,
        "codename": "add_acta"
    }
},
{
    "model": "auth.permission",
    "pk": 38,
    "fields": {
        "name": "Can change acta",
        "content_type": 10,
        "codename": "change_acta"
    }
},
{
    "model": "auth.permission",
    "pk": 39,
    "fields": {
        "name": "Can delete acta",
        "content_type": 10,
        "codename": "delete_acta"
    }
},
{
    "model": "auth.permission",
    "pk": 40,
    "fields": {
        "name": "Can view acta",
        "content_type": 10,
        "codename": "view_acta"
    }
},
{
    "model": "auth.permission",
    "pk": 41,
    "fields": {
        "name": "Can add canon",
        "content_type": 11,
        "codename": "add_canon"
    }
},
{
    "model": "auth.permission",
    "pk": 42,
    "fields": {
        "name": "Can change canon",
        "content_type": 11,
        "codename": "change_canon"
    }
},
{
    "model": "auth.permission",
    "pk": 43,
    "fields": {
        "name": "Can delete canon",
        "content_type": 11,
        "codename": "delete_canon"
    }
},
{
    "model": "auth.permission",
    "pk": 44,
    "fields": {
        "name": "Can view canon",
        "content_type": 11,
        "codename": "view_canon"
    }
},
{
    "model": "auth.permission",
    "pk": 45,
    "fields": {
        "name": "Can add veto",
        "content_type": 12,
        "codename": "add_veto"
    }
},
{
    "model": "auth.permission",
    "pk": 46,
    "fields": {
        "name": "Can change veto",
        "content_type": 12,
        "codename": "change_veto"
    }
},
{
    "model": "auth.permission",
    "pk": 47,
    "fields": {
        "name": "Can delete veto",
        "content_type": 12,
        "codename": "delete_veto"
    }
},
{
    "model": "auth.permission",
    "pk": 48,
    "fields": {
        "name": "Can view veto",
        "content_type": 12,
        "codename": "view_veto"
    }
},
{
    "model": "auth.permission",
    "pk": 49,
    "fields": {
        "name": "Can add citacion",
        "content_type": 13,
        "codename": "add_citacion"
    }
},
{
    "model": "auth.permission",
    "pk": 50,
    "fields": {
        "name": "Can change citacion",
        "content_type": 13,
        "codename": "change_citacion"
    }
},
{
    "model": "auth.permission",
    "pk": 51,
    "fields": {
        "name": "Can delete citacion",
        "content_type": 13,
        "codename": "delete_citacion"
    }
},
{
    "model": "auth.permission",
    "pk": 52,
    "fields": {
        "name": "Can view citacion",
        "content_type": 13,
        "codename": "view_citacion"
    }
},
{
    "model": "auth.permission",
    "pk": 53,
    "fields": {
        "name": "Can add tipo",
        "content_type": 14,
        "codename": "add_tipo"
    }
},
{
    "model": "auth.permission",
    "pk": 54,
    "fields": {
        "name": "Can change tipo",
        "content_type": 14,
        "codename": "change_tipo"
    }
},
{
    "model": "auth.permission",
    "pk": 55,
    "fields": {
        "name": "Can delete tipo",
        "content_type": 14,
        "codename": "delete_tipo"
    }
},
{
    "model": "auth.permission",
    "pk": 56,
    "fields": {
        "name": "Can view tipo",
        "content_type": 14,
        "codename": "view_tipo"
    }
},
{
    "model": "auth.permission",
    "pk": 57,
    "fields": {
        "name": "Can add ciudad",
        "content_type": 15,
        "codename": "add_ciudad"
    }
},
{
    "model": "auth.permission",
    "pk": 58,
    "fields": {
        "name": "Can change ciudad",
        "content_type": 15,
        "codename": "change_ciudad"
    }
},
{
    "model": "auth.permission",
    "pk": 59,
    "fields": {
        "name": "Can delete ciudad",
        "content_type": 15,
        "codename": "delete_ciudad"
    }
},
{
    "model": "auth.permission",
    "pk": 60,
    "fields": {
        "name": "Can view ciudad",
        "content_type": 15,
        "codename": "view_ciudad"
    }
},
{
    "model": "auth.permission",
    "pk": 61,
    "fields": {
        "name": "Can add departamento",
        "content_type": 16,
        "codename": "add_departamento"
    }
},
{
    "model": "auth.permission",
    "pk": 62,
    "fields": {
        "name": "Can change departamento",
        "content_type": 16,
        "codename": "change_departamento"
    }
},
{
    "model": "auth.permission",
    "pk": 63,
    "fields": {
        "name": "Can delete departamento",
        "content_type": 16,
        "codename": "delete_departamento"
    }
},
{
    "model": "auth.permission",
    "pk": 64,
    "fields": {
        "name": "Can view departamento",
        "content_type": 16,
        "codename": "view_departamento"
    }
},
{
    "model": "auth.permission",
    "pk": 65,
    "fields": {
        "name": "Can add colegiado",
        "content_type": 17,
        "codename": "add_colegiado"
    }
},
{
    "model": "auth.permission",
    "pk": 66,
    "fields": {
        "name": "Can change colegiado",
        "content_type": 17,
        "codename": "change_colegiado"
    }
},
{
    "model": "auth.permission",
    "pk": 67,
    "fields": {
        "name": "Can delete colegiado",
        "content_type": 17,
        "codename": "delete_colegiado"
    }
},
{
    "model": "auth.permission",
    "pk": 68,
    "fields": {
        "name": "Can view colegiado",
        "content_type": 17,
        "codename": "view_colegiado"
    }
},
{
    "model": "auth.permission",
    "pk": 69,
    "fields": {
        "name": "Can add costa",
        "content_type": 18,
        "codename": "add_costa"
    }
},
{
    "model": "auth.permission",
    "pk": 70,
    "fields": {
        "name": "Can change costa",
        "content_type": 18,
        "codename": "change_costa"
    }
},
{
    "model": "auth.permission",
    "pk": 71,
    "fields": {
        "name": "Can delete costa",
        "content_type": 18,
        "codename": "delete_costa"
    }
},
{
    "model": "auth.permission",
    "pk": 72,
    "fields": {
        "name": "Can view costa",
        "content_type": 18,
        "codename": "view_costa"
    }
},
{
    "model": "auth.permission",
    "pk": 73,
    "fields": {
        "name": "Can add declaracion",
        "content_type": 19,
        "codename": "add_declaracion"
    }
},
{
    "model": "auth.permission",
    "pk": 74,
    "fields": {
        "name": "Can change declaracion",
        "content_type": 19,
        "codename": "change_declaracion"
    }
},
{
    "model": "auth.permission",
    "pk": 75,
    "fields": {
        "name": "Can delete declaracion",
        "content_type": 19,
        "codename": "delete_declaracion"
    }
},
{
    "model": "auth.permission",
    "pk": 76,
    "fields": {
        "name": "Can view declaracion",
        "content_type": 19,
        "codename": "view_declaracion"
    }
},
{
    "model": "auth.permission",
    "pk": 77,
    "fields": {
        "name": "Can add tipo",
        "content_type": 20,
        "codename": "add_tipo"
    }
},
{
    "model": "auth.permission",
    "pk": 78,
    "fields": {
        "name": "Can change tipo",
        "content_type": 20,
        "codename": "change_tipo"
    }
},
{
    "model": "auth.permission",
    "pk": 79,
    "fields": {
        "name": "Can delete tipo",
        "content_type": 20,
        "codename": "delete_tipo"
    }
},
{
    "model": "auth.permission",
    "pk": 80,
    "fields": {
        "name": "Can view tipo",
        "content_type": 20,
        "codename": "view_tipo"
    }
},
{
    "model": "auth.permission",
    "pk": 81,
    "fields": {
        "name": "Can add declaracion testigo",
        "content_type": 21,
        "codename": "add_declaraciontestigo"
    }
},
{
    "model": "auth.permission",
    "pk": 82,
    "fields": {
        "name": "Can change declaracion testigo",
        "content_type": 21,
        "codename": "change_declaraciontestigo"
    }
},
{
    "model": "auth.permission",
    "pk": 83,
    "fields": {
        "name": "Can delete declaracion testigo",
        "content_type": 21,
        "codename": "delete_declaraciontestigo"
    }
},
{
    "model": "auth.permission",
    "pk": 84,
    "fields": {
        "name": "Can view declaracion testigo",
        "content_type": 21,
        "codename": "view_declaraciontestigo"
    }
},
{
    "model": "auth.permission",
    "pk": 85,
    "fields": {
        "name": "Can add tipo",
        "content_type": 22,
        "codename": "add_tipo"
    }
},
{
    "model": "auth.permission",
    "pk": 86,
    "fields": {
        "name": "Can change tipo",
        "content_type": 22,
        "codename": "change_tipo"
    }
},
{
    "model": "auth.permission",
    "pk": 87,
    "fields": {
        "name": "Can delete tipo",
        "content_type": 22,
        "codename": "delete_tipo"
    }
},
{
    "model": "auth.permission",
    "pk": 88,
    "fields": {
        "name": "Can view tipo",
        "content_type": 22,
        "codename": "view_tipo"
    }
},
{
    "model": "auth.permission",
    "pk": 89,
    "fields": {
        "name": "Can add decreto",
        "content_type": 23,
        "codename": "add_decreto"
    }
},
{
    "model": "auth.permission",
    "pk": 90,
    "fields": {
        "name": "Can change decreto",
        "content_type": 23,
        "codename": "change_decreto"
    }
},
{
    "model": "auth.permission",
    "pk": 91,
    "fields": {
        "name": "Can delete decreto",
        "content_type": 23,
        "codename": "delete_decreto"
    }
},
{
    "model": "auth.permission",
    "pk": 92,
    "fields": {
        "name": "Can view decreto",
        "content_type": 23,
        "codename": "view_decreto"
    }
},
{
    "model": "auth.permission",
    "pk": 93,
    "fields": {
        "name": "Can add tipo",
        "content_type": 24,
        "codename": "add_tipo"
    }
},
{
    "model": "auth.permission",
    "pk": 94,
    "fields": {
        "name": "Can change tipo",
        "content_type": 24,
        "codename": "change_tipo"
    }
},
{
    "model": "auth.permission",
    "pk": 95,
    "fields": {
        "name": "Can delete tipo",
        "content_type": 24,
        "codename": "delete_tipo"
    }
},
{
    "model": "auth.permission",
    "pk": 96,
    "fields": {
        "name": "Can view tipo",
        "content_type": 24,
        "codename": "view_tipo"
    }
},
{
    "model": "auth.permission",
    "pk": 97,
    "fields": {
        "name": "Can add file",
        "content_type": 25,
        "codename": "add_file"
    }
},
{
    "model": "auth.permission",
    "pk": 98,
    "fields": {
        "name": "Can change file",
        "content_type": 25,
        "codename": "change_file"
    }
},
{
    "model": "auth.permission",
    "pk": 99,
    "fields": {
        "name": "Can delete file",
        "content_type": 25,
        "codename": "delete_file"
    }
},
{
    "model": "auth.permission",
    "pk": 100,
    "fields": {
        "name": "Can view file",
        "content_type": 25,
        "codename": "view_file"
    }
},
{
    "model": "auth.permission",
    "pk": 101,
    "fields": {
        "name": "Can add entrada",
        "content_type": 26,
        "codename": "add_entrada"
    }
},
{
    "model": "auth.permission",
    "pk": 102,
    "fields": {
        "name": "Can change entrada",
        "content_type": 26,
        "codename": "change_entrada"
    }
},
{
    "model": "auth.permission",
    "pk": 103,
    "fields": {
        "name": "Can delete entrada",
        "content_type": 26,
        "codename": "delete_entrada"
    }
},
{
    "model": "auth.permission",
    "pk": 104,
    "fields": {
        "name": "Can view entrada",
        "content_type": 26,
        "codename": "view_entrada"
    }
},
{
    "model": "auth.permission",
    "pk": 105,
    "fields": {
        "name": "Can add persona",
        "content_type": 27,
        "codename": "add_persona"
    }
},
{
    "model": "auth.permission",
    "pk": 106,
    "fields": {
        "name": "Can change persona",
        "content_type": 27,
        "codename": "change_persona"
    }
},
{
    "model": "auth.permission",
    "pk": 107,
    "fields": {
        "name": "Can delete persona",
        "content_type": 27,
        "codename": "delete_persona"
    }
},
{
    "model": "auth.permission",
    "pk": 108,
    "fields": {
        "name": "Can view persona",
        "content_type": 27,
        "codename": "view_persona"
    }
},
{
    "model": "auth.permission",
    "pk": 109,
    "fields": {
        "name": "Can add diocesi",
        "content_type": 28,
        "codename": "add_diocesi"
    }
},
{
    "model": "auth.permission",
    "pk": 110,
    "fields": {
        "name": "Can change diocesi",
        "content_type": 28,
        "codename": "change_diocesi"
    }
},
{
    "model": "auth.permission",
    "pk": 111,
    "fields": {
        "name": "Can delete diocesi",
        "content_type": 28,
        "codename": "delete_diocesi"
    }
},
{
    "model": "auth.permission",
    "pk": 112,
    "fields": {
        "name": "Can view diocesi",
        "content_type": 28,
        "codename": "view_diocesi"
    }
},
{
    "model": "auth.permission",
    "pk": 113,
    "fields": {
        "name": "Can add proceso",
        "content_type": 29,
        "codename": "add_proceso"
    }
},
{
    "model": "auth.permission",
    "pk": 114,
    "fields": {
        "name": "Can change proceso",
        "content_type": 29,
        "codename": "change_proceso"
    }
},
{
    "model": "auth.permission",
    "pk": 115,
    "fields": {
        "name": "Can delete proceso",
        "content_type": 29,
        "codename": "delete_proceso"
    }
},
{
    "model": "auth.permission",
    "pk": 116,
    "fields": {
        "name": "Can view proceso",
        "content_type": 29,
        "codename": "view_proceso"
    }
},
{
    "model": "auth.permission",
    "pk": 117,
    "fields": {
        "name": "Can add tipo",
        "content_type": 30,
        "codename": "add_tipo"
    }
},
{
    "model": "auth.permission",
    "pk": 118,
    "fields": {
        "name": "Can change tipo",
        "content_type": 30,
        "codename": "change_tipo"
    }
},
{
    "model": "auth.permission",
    "pk": 119,
    "fields": {
        "name": "Can delete tipo",
        "content_type": 30,
        "codename": "delete_tipo"
    }
},
{
    "model": "auth.permission",
    "pk": 120,
    "fields": {
        "name": "Can view tipo",
        "content_type": 30,
        "codename": "view_tipo"
    }
},
{
    "model": "auth.permission",
    "pk": 121,
    "fields": {
        "name": "Can add sentencia",
        "content_type": 31,
        "codename": "add_sentencia"
    }
},
{
    "model": "auth.permission",
    "pk": 122,
    "fields": {
        "name": "Can change sentencia",
        "content_type": 31,
        "codename": "change_sentencia"
    }
},
{
    "model": "auth.permission",
    "pk": 123,
    "fields": {
        "name": "Can delete sentencia",
        "content_type": 31,
        "codename": "delete_sentencia"
    }
},
{
    "model": "auth.permission",
    "pk": 124,
    "fields": {
        "name": "Can view sentencia",
        "content_type": 31,
        "codename": "view_sentencia"
    }
},
{
    "model": "auth.permission",
    "pk": 125,
    "fields": {
        "name": "Can add testigo",
        "content_type": 32,
        "codename": "add_testigo"
    }
},
{
    "model": "auth.permission",
    "pk": 126,
    "fields": {
        "name": "Can change testigo",
        "content_type": 32,
        "codename": "change_testigo"
    }
},
{
    "model": "auth.permission",
    "pk": 127,
    "fields": {
        "name": "Can delete testigo",
        "content_type": 32,
        "codename": "delete_testigo"
    }
},
{
    "model": "auth.permission",
    "pk": 128,
    "fields": {
        "name": "Can view testigo",
        "content_type": 32,
        "codename": "view_testigo"
    }
},
{
    "model": "auth.user",
    "pk": 1,
    "fields": {
        "password": "pbkdf2_sha256$120000$S7aDJa6jlDcH$tyE+pzkrNFwINAQNQQKZRNmBN17rUUr32yJfGIVDIuU=",
        "last_login": "2020-07-17T20:51:58.846Z",
        "is_superuser": true,
        "username": "admin",
        "first_name": "",
        "last_name": "",
        "email": "ivandaza04@admin.com",
        "is_staff": true,
        "is_active": true,
        "date_joined": "2020-07-17T20:51:41.975Z",
        "groups": [],
        "user_permissions": []
    }
}
]
